series,target_rabi_mhz,actual_rabi_mhz,detuning_mhz,excited_probability
current_echo_experiment,2.5,,-0.5,0.465
current_echo_experiment,2.5,,-0.495,0.521
current_echo_experiment,2.5,,-0.49,0.463
current_echo_experiment,2.5,,-0.485,0.484
current_echo_experiment,2.5,,-0.48,0.475
current_echo_experiment,2.5,,-0.475,0.518
current_echo_experiment,2.5,,-0.47,0.491
current_echo_experiment,2.5,,-0.465,0.506
current_echo_experiment,2.5,,-0.46,0.498
current_echo_experiment,2.5,,-0.455,0.5
current_echo_experiment,2.5,,-0.45,0.46
current_echo_experiment,2.5,,-0.445,0.511
current_echo_experiment,2.5,,-0.44,0.521
current_echo_experiment,2.5,,-0.435,0.467
current_echo_experiment,2.5,,-0.43,0.491
current_echo_experiment,2.5,,-0.425,0.482
current_echo_experiment,2.5,,-0.42,0.498
current_echo_experiment,2.5,,-0.415,0.498
current_echo_experiment,2.5,,-0.41,0.509
current_echo_experiment,2.5,,-0.405,0.484
current_echo_experiment,2.5,,-0.4,0.494
current_echo_experiment,2.5,,-0.395,0.493
current_echo_experiment,2.5,,-0.39,0.472
current_echo_experiment,2.5,,-0.385,0.516
current_echo_experiment,2.5,,-0.38,0.503
current_echo_experiment,2.5,,-0.375,0.483
current_echo_experiment,2.5,,-0.37,0.488
current_echo_experiment,2.5,,-0.365,0.484
current_echo_experiment,2.5,,-0.36,0.493
current_echo_experiment,2.5,,-0.355,0.495
current_echo_experiment,2.5,,-0.35,0.489
current_echo_experiment,2.5,,-0.345,0.496
current_echo_experiment,2.5,,-0.34,0.502
current_echo_experiment,2.5,,-0.335,0.484
current_echo_experiment,2.5,,-0.33,0.511
current_echo_experiment,2.5,,-0.325,0.507
current_echo_experiment,2.5,,-0.32,0.512
current_echo_experiment,2.5,,-0.315,0.484
current_echo_experiment,2.5,,-0.31,0.517
current_echo_experiment,2.5,,-0.305,0.519
current_echo_experiment,2.5,,-0.3,0.477
current_echo_experiment,2.5,,-0.295,0.484
current_echo_experiment,2.5,,-0.29,0.493
current_echo_experiment,2.5,,-0.285,0.487
current_echo_experiment,2.5,,-0.28,0.491
current_echo_experiment,2.5,,-0.275,0.511
current_echo_experiment,2.5,,-0.27,0.497
current_echo_experiment,2.5,,-0.265,0.501
current_echo_experiment,2.5,,-0.26,0.509
current_echo_experiment,2.5,,-0.255,0.482
current_echo_experiment,2.5,,-0.25,0.495
current_echo_experiment,2.5,,-0.245,0.492
current_echo_experiment,2.5,,-0.24,0.502
current_echo_experiment,2.5,,-0.235,0.504
current_echo_experiment,2.5,,-0.23,0.493
current_echo_experiment,2.5,,-0.225,0.48
current_echo_experiment,2.5,,-0.22,0.482
current_echo_experiment,2.5,,-0.215,0.533
current_echo_experiment,2.5,,-0.21,0.476
current_echo_experiment,2.5,,-0.205,0.48
current_echo_experiment,2.5,,-0.2,0.461
current_echo_experiment,2.5,,-0.195,0.506
current_echo_experiment,2.5,,-0.19,0.472
current_echo_experiment,2.5,,-0.185,0.483
current_echo_experiment,2.5,,-0.18,0.484
current_echo_experiment,2.5,,-0.175,0.498
current_echo_experiment,2.5,,-0.17,0.504
current_echo_experiment,2.5,,-0.165,0.492
current_echo_experiment,2.5,,-0.16,0.51
current_echo_experiment,2.5,,-0.155,0.478
current_echo_experiment,2.5,,-0.15,0.512
current_echo_experiment,2.5,,-0.145,0.474
current_echo_experiment,2.5,,-0.14,0.495
current_echo_experiment,2.5,,-0.135,0.498
current_echo_experiment,2.5,,-0.13,0.508
current_echo_experiment,2.5,,-0.125,0.484
current_echo_experiment,2.5,,-0.12,0.504
current_echo_experiment,2.5,,-0.115,0.495
current_echo_experiment,2.5,,-0.11,0.497
current_echo_experiment,2.5,,-0.105,0.491
current_echo_experiment,2.5,,-0.1,0.484
current_echo_experiment,2.5,,-0.095,0.46
current_echo_experiment,2.5,,-0.09,0.48
current_echo_experiment,2.5,,-0.085,0.46
current_echo_experiment,2.5,,-0.08,0.478
current_echo_experiment,2.5,,-0.075,0.495
current_echo_experiment,2.5,,-0.07,0.496
current_echo_experiment,2.5,,-0.065,0.461
current_echo_experiment,2.5,,-0.06,0.502
current_echo_experiment,2.5,,-0.055,0.512
current_echo_experiment,2.5,,-0.05,0.466
current_echo_experiment,2.5,,-0.045,0.434
current_echo_experiment,2.5,,-0.04,0.445
current_echo_experiment,2.5,,-0.035,0.4
current_echo_experiment,2.5,,-0.03,0.441
current_echo_experiment,2.5,,-0.025,0.377
current_echo_experiment,2.5,,-0.02,0.38
current_echo_experiment,2.5,,-0.015,0.345
current_echo_experiment,2.5,,-0.01,0.349
current_echo_experiment,2.5,,-0.005,0.346
current_echo_experiment,2.5,,0.0,0.334
current_echo_experiment,2.5,,0.005,0.312
current_echo_experiment,2.5,,0.01,0.332
current_echo_experiment,2.5,,0.015,0.322
current_echo_experiment,2.5,,0.02,0.346
current_echo_experiment,2.5,,0.025,0.371
current_echo_experiment,2.5,,0.03,0.384
current_echo_experiment,2.5,,0.035,0.371
current_echo_experiment,2.5,,0.04,0.422
current_echo_experiment,2.5,,0.045,0.432
current_echo_experiment,2.5,,0.05,0.473
current_echo_experiment,2.5,,0.055,0.471
current_echo_experiment,2.5,,0.06,0.468
current_echo_experiment,2.5,,0.065,0.476
current_echo_experiment,2.5,,0.07,0.512
current_echo_experiment,2.5,,0.075,0.511
current_echo_experiment,2.5,,0.08,0.501
current_echo_experiment,2.5,,0.085,0.517
current_echo_experiment,2.5,,0.09,0.486
current_echo_experiment,2.5,,0.095,0.55
current_echo_experiment,2.5,,0.1,0.527
current_echo_experiment,2.5,,0.105,0.483
current_echo_experiment,2.5,,0.11,0.512
current_echo_experiment,2.5,,0.115,0.507
current_echo_experiment,2.5,,0.12,0.5
current_echo_experiment,2.5,,0.125,0.534
current_echo_experiment,2.5,,0.13,0.497
current_echo_experiment,2.5,,0.135,0.5
current_echo_experiment,2.5,,0.14,0.519
current_echo_experiment,2.5,,0.145,0.552
current_echo_experiment,2.5,,0.15,0.498
current_echo_experiment,2.5,,0.155,0.535
current_echo_experiment,2.5,,0.16,0.538
current_echo_experiment,2.5,,0.165,0.522
current_echo_experiment,2.5,,0.17,0.513
current_echo_experiment,2.5,,0.175,0.527
current_echo_experiment,2.5,,0.18,0.515
current_echo_experiment,2.5,,0.185,0.508
current_echo_experiment,2.5,,0.19,0.53
current_echo_experiment,2.5,,0.195,0.516
current_echo_experiment,2.5,,0.2,0.526
current_echo_experiment,2.5,,0.205,0.521
current_echo_experiment,2.5,,0.21,0.534
current_echo_experiment,2.5,,0.215,0.5
current_echo_experiment,2.5,,0.22,0.521
current_echo_experiment,2.5,,0.225,0.498
current_echo_experiment,2.5,,0.23,0.521
current_echo_experiment,2.5,,0.235,0.549
current_echo_experiment,2.5,,0.24,0.554
current_echo_experiment,2.5,,0.245,0.516
current_echo_experiment,2.5,,0.25,0.514
current_echo_experiment,2.5,,0.255,0.522
current_echo_experiment,2.5,,0.26,0.552
current_echo_experiment,2.5,,0.265,0.518
current_echo_experiment,2.5,,0.27,0.533
current_echo_experiment,2.5,,0.275,0.505
current_echo_experiment,2.5,,0.28,0.494
current_echo_experiment,2.5,,0.285,0.51
current_echo_experiment,2.5,,0.29,0.522
current_echo_experiment,2.5,,0.295,0.522
current_echo_experiment,2.5,,0.3,0.54
current_echo_experiment,2.5,,0.305,0.519
current_echo_experiment,2.5,,0.31,0.534
current_echo_experiment,2.5,,0.315,0.52
current_echo_experiment,2.5,,0.32,0.521
current_echo_experiment,2.5,,0.325,0.509
current_echo_experiment,2.5,,0.33,0.539
current_echo_experiment,2.5,,0.335,0.529
current_echo_experiment,2.5,,0.34,0.54
current_echo_experiment,2.5,,0.345,0.526
current_echo_experiment,2.5,,0.35,0.537
current_echo_experiment,2.5,,0.355,0.511
current_echo_experiment,2.5,,0.36,0.532
current_echo_experiment,2.5,,0.365,0.526
current_echo_experiment,2.5,,0.37,0.511
current_echo_experiment,2.5,,0.375,0.537
current_echo_experiment,2.5,,0.38,0.532
current_echo_experiment,2.5,,0.385,0.518
current_echo_experiment,2.5,,0.39,0.519
current_echo_experiment,2.5,,0.395,0.533
current_echo_experiment,2.5,,0.4,0.532
current_echo_experiment,2.5,,0.405,0.504
current_echo_experiment,2.5,,0.41,0.509
current_echo_experiment,2.5,,0.415,0.529
current_echo_experiment,2.5,,0.42,0.504
current_echo_experiment,2.5,,0.425,0.527
current_echo_experiment,2.5,,0.43,0.524
current_echo_experiment,2.5,,0.435,0.521
current_echo_experiment,2.5,,0.44,0.505
current_echo_experiment,2.5,,0.445,0.529
current_echo_experiment,2.5,,0.45,0.547
current_echo_experiment,2.5,,0.455,0.525
current_echo_experiment,2.5,,0.46,0.501
current_echo_experiment,2.5,,0.465,0.503
current_echo_experiment,2.5,,0.47,0.503
current_echo_experiment,2.5,,0.475,0.505
current_echo_experiment,2.5,,0.48,0.498
current_echo_experiment,2.5,,0.485,0.512
current_echo_experiment,2.5,,0.49,0.527
current_echo_experiment,2.5,,0.495,0.545
current_echo_experiment,2.5,,0.5,0.531
current_echo_experiment,10.0,,-0.5,0.676
current_echo_experiment,10.0,,-0.495,0.685
current_echo_experiment,10.0,,-0.49,0.656
current_echo_experiment,10.0,,-0.485,0.667
current_echo_experiment,10.0,,-0.48,0.692
current_echo_experiment,10.0,,-0.475,0.675
current_echo_experiment,10.0,,-0.47,0.669
current_echo_experiment,10.0,,-0.465,0.675
current_echo_experiment,10.0,,-0.46,0.683
current_echo_experiment,10.0,,-0.455,0.686
current_echo_experiment,10.0,,-0.45,0.683
current_echo_experiment,10.0,,-0.445,0.667
current_echo_experiment,10.0,,-0.44,0.669
current_echo_experiment,10.0,,-0.435,0.653
current_echo_experiment,10.0,,-0.43,0.652
current_echo_experiment,10.0,,-0.425,0.645
current_echo_experiment,10.0,,-0.42,0.683
current_echo_experiment,10.0,,-0.415,0.676
current_echo_experiment,10.0,,-0.41,0.666
current_echo_experiment,10.0,,-0.405,0.672
current_echo_experiment,10.0,,-0.4,0.676
current_echo_experiment,10.0,,-0.395,0.649
current_echo_experiment,10.0,,-0.39,0.647
current_echo_experiment,10.0,,-0.385,0.674
current_echo_experiment,10.0,,-0.38,0.671
current_echo_experiment,10.0,,-0.375,0.674
current_echo_experiment,10.0,,-0.37,0.679
current_echo_experiment,10.0,,-0.365,0.674
current_echo_experiment,10.0,,-0.36,0.67
current_echo_experiment,10.0,,-0.355,0.642
current_echo_experiment,10.0,,-0.35,0.665
current_echo_experiment,10.0,,-0.345,0.68
current_echo_experiment,10.0,,-0.34,0.643
current_echo_experiment,10.0,,-0.335,0.682
current_echo_experiment,10.0,,-0.33,0.643
current_echo_experiment,10.0,,-0.325,0.668
current_echo_experiment,10.0,,-0.32,0.69
current_echo_experiment,10.0,,-0.315,0.668
current_echo_experiment,10.0,,-0.31,0.655
current_echo_experiment,10.0,,-0.305,0.651
current_echo_experiment,10.0,,-0.3,0.653
current_echo_experiment,10.0,,-0.295,0.641
current_echo_experiment,10.0,,-0.29,0.642
current_echo_experiment,10.0,,-0.285,0.639
current_echo_experiment,10.0,,-0.28,0.653
current_echo_experiment,10.0,,-0.275,0.644
current_echo_experiment,10.0,,-0.27,0.668
current_echo_experiment,10.0,,-0.265,0.674
current_echo_experiment,10.0,,-0.26,0.66
current_echo_experiment,10.0,,-0.255,0.67
current_echo_experiment,10.0,,-0.25,0.666
current_echo_experiment,10.0,,-0.245,0.636
current_echo_experiment,10.0,,-0.24,0.651
current_echo_experiment,10.0,,-0.235,0.624
current_echo_experiment,10.0,,-0.23,0.652
current_echo_experiment,10.0,,-0.225,0.662
current_echo_experiment,10.0,,-0.22,0.638
current_echo_experiment,10.0,,-0.215,0.653
current_echo_experiment,10.0,,-0.21,0.643
current_echo_experiment,10.0,,-0.205,0.647
current_echo_experiment,10.0,,-0.2,0.617
current_echo_experiment,10.0,,-0.195,0.689
current_echo_experiment,10.0,,-0.19,0.645
current_echo_experiment,10.0,,-0.185,0.633
current_echo_experiment,10.0,,-0.18,0.662
current_echo_experiment,10.0,,-0.175,0.631
current_echo_experiment,10.0,,-0.17,0.649
current_echo_experiment,10.0,,-0.165,0.647
current_echo_experiment,10.0,,-0.16,0.608
current_echo_experiment,10.0,,-0.155,0.639
current_echo_experiment,10.0,,-0.15,0.6
current_echo_experiment,10.0,,-0.145,0.642
current_echo_experiment,10.0,,-0.14,0.604
current_echo_experiment,10.0,,-0.135,0.6
current_echo_experiment,10.0,,-0.13,0.639
current_echo_experiment,10.0,,-0.125,0.601
current_echo_experiment,10.0,,-0.12,0.606
current_echo_experiment,10.0,,-0.115,0.616
current_echo_experiment,10.0,,-0.11,0.618
current_echo_experiment,10.0,,-0.105,0.607
current_echo_experiment,10.0,,-0.1,0.62
current_echo_experiment,10.0,,-0.095,0.594
current_echo_experiment,10.0,,-0.09,0.623
current_echo_experiment,10.0,,-0.085,0.607
current_echo_experiment,10.0,,-0.08,0.577
current_echo_experiment,10.0,,-0.075,0.576
current_echo_experiment,10.0,,-0.07,0.566
current_echo_experiment,10.0,,-0.065,0.573
current_echo_experiment,10.0,,-0.06,0.583
current_echo_experiment,10.0,,-0.055,0.567
current_echo_experiment,10.0,,-0.05,0.566
current_echo_experiment,10.0,,-0.045,0.506
current_echo_experiment,10.0,,-0.04,0.519
current_echo_experiment,10.0,,-0.035,0.497
current_echo_experiment,10.0,,-0.03,0.479
current_echo_experiment,10.0,,-0.025,0.5
current_echo_experiment,10.0,,-0.02,0.466
current_echo_experiment,10.0,,-0.015,0.435
current_echo_experiment,10.0,,-0.01,0.441
current_echo_experiment,10.0,,-0.005,0.473
current_echo_experiment,10.0,,0.0,0.443
current_echo_experiment,10.0,,0.005,0.438
current_echo_experiment,10.0,,0.01,0.421
current_echo_experiment,10.0,,0.015,0.435
current_echo_experiment,10.0,,0.02,0.464
current_echo_experiment,10.0,,0.025,0.478
current_echo_experiment,10.0,,0.03,0.439
current_echo_experiment,10.0,,0.035,0.428
current_echo_experiment,10.0,,0.04,0.486
current_echo_experiment,10.0,,0.045,0.481
current_echo_experiment,10.0,,0.05,0.487
current_echo_experiment,10.0,,0.055,0.533
current_echo_experiment,10.0,,0.06,0.54
current_echo_experiment,10.0,,0.065,0.536
current_echo_experiment,10.0,,0.07,0.553
current_echo_experiment,10.0,,0.075,0.56
current_echo_experiment,10.0,,0.08,0.577
current_echo_experiment,10.0,,0.085,0.579
current_echo_experiment,10.0,,0.09,0.609
current_echo_experiment,10.0,,0.095,0.591
current_echo_experiment,10.0,,0.1,0.65
current_echo_experiment,10.0,,0.105,0.612
current_echo_experiment,10.0,,0.11,0.641
current_echo_experiment,10.0,,0.115,0.653
current_echo_experiment,10.0,,0.12,0.666
current_echo_experiment,10.0,,0.125,0.632
current_echo_experiment,10.0,,0.13,0.639
current_echo_experiment,10.0,,0.135,0.65
current_echo_experiment,10.0,,0.14,0.643
current_echo_experiment,10.0,,0.145,0.65
current_echo_experiment,10.0,,0.15,0.665
current_echo_experiment,10.0,,0.155,0.635
current_echo_experiment,10.0,,0.16,0.651
current_echo_experiment,10.0,,0.165,0.623
current_echo_experiment,10.0,,0.17,0.638
current_echo_experiment,10.0,,0.175,0.619
current_echo_experiment,10.0,,0.18,0.657
current_echo_experiment,10.0,,0.185,0.644
current_echo_experiment,10.0,,0.19,0.634
current_echo_experiment,10.0,,0.195,0.627
current_echo_experiment,10.0,,0.2,0.638
current_echo_experiment,10.0,,0.205,0.642
current_echo_experiment,10.0,,0.21,0.652
current_echo_experiment,10.0,,0.215,0.641
current_echo_experiment,10.0,,0.22,0.63
current_echo_experiment,10.0,,0.225,0.625
current_echo_experiment,10.0,,0.23,0.652
current_echo_experiment,10.0,,0.235,0.678
current_echo_experiment,10.0,,0.24,0.671
current_echo_experiment,10.0,,0.245,0.667
current_echo_experiment,10.0,,0.25,0.689
current_echo_experiment,10.0,,0.255,0.67
current_echo_experiment,10.0,,0.26,0.663
current_echo_experiment,10.0,,0.265,0.677
current_echo_experiment,10.0,,0.27,0.672
current_echo_experiment,10.0,,0.275,0.662
current_echo_experiment,10.0,,0.28,0.666
current_echo_experiment,10.0,,0.285,0.64
current_echo_experiment,10.0,,0.29,0.682
current_echo_experiment,10.0,,0.295,0.675
current_echo_experiment,10.0,,0.3,0.635
current_echo_experiment,10.0,,0.305,0.676
current_echo_experiment,10.0,,0.31,0.664
current_echo_experiment,10.0,,0.315,0.676
current_echo_experiment,10.0,,0.32,0.661
current_echo_experiment,10.0,,0.325,0.641
current_echo_experiment,10.0,,0.33,0.659
current_echo_experiment,10.0,,0.335,0.66
current_echo_experiment,10.0,,0.34,0.67
current_echo_experiment,10.0,,0.345,0.674
current_echo_experiment,10.0,,0.35,0.677
current_echo_experiment,10.0,,0.355,0.692
current_echo_experiment,10.0,,0.36,0.656
current_echo_experiment,10.0,,0.365,0.673
current_echo_experiment,10.0,,0.37,0.672
current_echo_experiment,10.0,,0.375,0.668
current_echo_experiment,10.0,,0.38,0.688
current_echo_experiment,10.0,,0.385,0.645
current_echo_experiment,10.0,,0.39,0.679
current_echo_experiment,10.0,,0.395,0.659
current_echo_experiment,10.0,,0.4,0.685
current_echo_experiment,10.0,,0.405,0.679
current_echo_experiment,10.0,,0.41,0.653
current_echo_experiment,10.0,,0.415,0.659
current_echo_experiment,10.0,,0.42,0.662
current_echo_experiment,10.0,,0.425,0.661
current_echo_experiment,10.0,,0.43,0.644
current_echo_experiment,10.0,,0.435,0.648
current_echo_experiment,10.0,,0.44,0.684
current_echo_experiment,10.0,,0.445,0.673
current_echo_experiment,10.0,,0.45,0.674
current_echo_experiment,10.0,,0.455,0.677
current_echo_experiment,10.0,,0.46,0.69
current_echo_experiment,10.0,,0.465,0.671
current_echo_experiment,10.0,,0.47,0.71
current_echo_experiment,10.0,,0.475,0.663
current_echo_experiment,10.0,,0.48,0.654
current_echo_experiment,10.0,,0.485,0.676
current_echo_experiment,10.0,,0.49,0.701
current_echo_experiment,10.0,,0.495,0.675
current_echo_experiment,10.0,,0.5,0.681
current_echo_experiment,25.0,,-0.5,0.609
current_echo_experiment,25.0,,-0.495,0.599
current_echo_experiment,25.0,,-0.49,0.629
current_echo_experiment,25.0,,-0.485,0.609
current_echo_experiment,25.0,,-0.48,0.654
current_echo_experiment,25.0,,-0.475,0.629
current_echo_experiment,25.0,,-0.47,0.61
current_echo_experiment,25.0,,-0.465,0.602
current_echo_experiment,25.0,,-0.46,0.639
current_echo_experiment,25.0,,-0.455,0.6
current_echo_experiment,25.0,,-0.45,0.586
current_echo_experiment,25.0,,-0.445,0.59
current_echo_experiment,25.0,,-0.44,0.552
current_echo_experiment,25.0,,-0.435,0.57
current_echo_experiment,25.0,,-0.43,0.578
current_echo_experiment,25.0,,-0.425,0.55
current_echo_experiment,25.0,,-0.42,0.58
current_echo_experiment,25.0,,-0.415,0.541
current_echo_experiment,25.0,,-0.41,0.541
current_echo_experiment,25.0,,-0.405,0.558
current_echo_experiment,25.0,,-0.4,0.568
current_echo_experiment,25.0,,-0.395,0.569
current_echo_experiment,25.0,,-0.39,0.556
current_echo_experiment,25.0,,-0.385,0.572
current_echo_experiment,25.0,,-0.38,0.582
current_echo_experiment,25.0,,-0.375,0.594
current_echo_experiment,25.0,,-0.37,0.604
current_echo_experiment,25.0,,-0.365,0.615
current_echo_experiment,25.0,,-0.36,0.6
current_echo_experiment,25.0,,-0.355,0.613
current_echo_experiment,25.0,,-0.35,0.642
current_echo_experiment,25.0,,-0.345,0.624
current_echo_experiment,25.0,,-0.34,0.633
current_echo_experiment,25.0,,-0.335,0.589
current_echo_experiment,25.0,,-0.33,0.612
current_echo_experiment,25.0,,-0.325,0.589
current_echo_experiment,25.0,,-0.32,0.577
current_echo_experiment,25.0,,-0.315,0.558
current_echo_experiment,25.0,,-0.31,0.563
current_echo_experiment,25.0,,-0.305,0.578
current_echo_experiment,25.0,,-0.3,0.544
current_echo_experiment,25.0,,-0.295,0.588
current_echo_experiment,25.0,,-0.29,0.541
current_echo_experiment,25.0,,-0.285,0.549
current_echo_experiment,25.0,,-0.28,0.539
current_echo_experiment,25.0,,-0.275,0.541
current_echo_experiment,25.0,,-0.27,0.527
current_echo_experiment,25.0,,-0.265,0.504
current_echo_experiment,25.0,,-0.26,0.559
current_echo_experiment,25.0,,-0.255,0.548
current_echo_experiment,25.0,,-0.25,0.55
current_echo_experiment,25.0,,-0.245,0.556
current_echo_experiment,25.0,,-0.24,0.561
current_echo_experiment,25.0,,-0.235,0.55
current_echo_experiment,25.0,,-0.23,0.593
current_echo_experiment,25.0,,-0.225,0.591
current_echo_experiment,25.0,,-0.22,0.599
current_echo_experiment,25.0,,-0.215,0.604
current_echo_experiment,25.0,,-0.21,0.616
current_echo_experiment,25.0,,-0.205,0.598
current_echo_experiment,25.0,,-0.2,0.632
current_echo_experiment,25.0,,-0.195,0.615
current_echo_experiment,25.0,,-0.19,0.612
current_echo_experiment,25.0,,-0.185,0.582
current_echo_experiment,25.0,,-0.18,0.605
current_echo_experiment,25.0,,-0.175,0.648
current_echo_experiment,25.0,,-0.17,0.591
current_echo_experiment,25.0,,-0.165,0.563
current_echo_experiment,25.0,,-0.16,0.583
current_echo_experiment,25.0,,-0.155,0.53
current_echo_experiment,25.0,,-0.15,0.533
current_echo_experiment,25.0,,-0.145,0.518
current_echo_experiment,25.0,,-0.14,0.527
current_echo_experiment,25.0,,-0.135,0.538
current_echo_experiment,25.0,,-0.13,0.496
current_echo_experiment,25.0,,-0.125,0.48
current_echo_experiment,25.0,,-0.12,0.472
current_echo_experiment,25.0,,-0.115,0.466
current_echo_experiment,25.0,,-0.11,0.489
current_echo_experiment,25.0,,-0.105,0.46
current_echo_experiment,25.0,,-0.1,0.458
current_echo_experiment,25.0,,-0.095,0.456
current_echo_experiment,25.0,,-0.09,0.445
current_echo_experiment,25.0,,-0.085,0.448
current_echo_experiment,25.0,,-0.08,0.44
current_echo_experiment,25.0,,-0.075,0.445
current_echo_experiment,25.0,,-0.07,0.458
current_echo_experiment,25.0,,-0.065,0.437
current_echo_experiment,25.0,,-0.06,0.42
current_echo_experiment,25.0,,-0.055,0.4
current_echo_experiment,25.0,,-0.05,0.432
current_echo_experiment,25.0,,-0.045,0.406
current_echo_experiment,25.0,,-0.04,0.426
current_echo_experiment,25.0,,-0.035,0.448
current_echo_experiment,25.0,,-0.03,0.428
current_echo_experiment,25.0,,-0.025,0.383
current_echo_experiment,25.0,,-0.02,0.436
current_echo_experiment,25.0,,-0.015,0.454
current_echo_experiment,25.0,,-0.01,0.423
current_echo_experiment,25.0,,-0.005,0.457
current_echo_experiment,25.0,,0.0,0.449
current_echo_experiment,25.0,,0.005,0.465
current_echo_experiment,25.0,,0.01,0.438
current_echo_experiment,25.0,,0.015,0.463
current_echo_experiment,25.0,,0.02,0.438
current_echo_experiment,25.0,,0.025,0.46
current_echo_experiment,25.0,,0.03,0.52
current_echo_experiment,25.0,,0.035,0.497
current_echo_experiment,25.0,,0.04,0.5
current_echo_experiment,25.0,,0.045,0.525
current_echo_experiment,25.0,,0.05,0.514
current_echo_experiment,25.0,,0.055,0.554
current_echo_experiment,25.0,,0.06,0.555
current_echo_experiment,25.0,,0.065,0.545
current_echo_experiment,25.0,,0.07,0.604
current_echo_experiment,25.0,,0.075,0.576
current_echo_experiment,25.0,,0.08,0.542
current_echo_experiment,25.0,,0.085,0.567
current_echo_experiment,25.0,,0.09,0.597
current_echo_experiment,25.0,,0.095,0.571
current_echo_experiment,25.0,,0.1,0.572
current_echo_experiment,25.0,,0.105,0.586
current_echo_experiment,25.0,,0.11,0.593
current_echo_experiment,25.0,,0.115,0.609
current_echo_experiment,25.0,,0.12,0.567
current_echo_experiment,25.0,,0.125,0.618
current_echo_experiment,25.0,,0.13,0.6
current_echo_experiment,25.0,,0.135,0.561
current_echo_experiment,25.0,,0.14,0.562
current_echo_experiment,25.0,,0.145,0.554
current_echo_experiment,25.0,,0.15,0.539
current_echo_experiment,25.0,,0.155,0.547
current_echo_experiment,25.0,,0.16,0.513
current_echo_experiment,25.0,,0.165,0.531
current_echo_experiment,25.0,,0.17,0.514
current_echo_experiment,25.0,,0.175,0.516
current_echo_experiment,25.0,,0.18,0.479
current_echo_experiment,25.0,,0.185,0.483
current_echo_experiment,25.0,,0.19,0.518
current_echo_experiment,25.0,,0.195,0.495
current_echo_experiment,25.0,,0.2,0.501
current_echo_experiment,25.0,,0.205,0.51
current_echo_experiment,25.0,,0.21,0.507
current_echo_experiment,25.0,,0.215,0.489
current_echo_experiment,25.0,,0.22,0.532
current_echo_experiment,25.0,,0.225,0.54
current_echo_experiment,25.0,,0.23,0.559
current_echo_experiment,25.0,,0.235,0.556
current_echo_experiment,25.0,,0.24,0.579
current_echo_experiment,25.0,,0.245,0.541
current_echo_experiment,25.0,,0.25,0.617
current_echo_experiment,25.0,,0.255,0.609
current_echo_experiment,25.0,,0.26,0.599
current_echo_experiment,25.0,,0.265,0.595
current_echo_experiment,25.0,,0.27,0.63
current_echo_experiment,25.0,,0.275,0.623
current_echo_experiment,25.0,,0.28,0.612
current_echo_experiment,25.0,,0.285,0.64
current_echo_experiment,25.0,,0.29,0.62
current_echo_experiment,25.0,,0.295,0.632
current_echo_experiment,25.0,,0.3,0.631
current_echo_experiment,25.0,,0.305,0.603
current_echo_experiment,25.0,,0.31,0.58
current_echo_experiment,25.0,,0.315,0.6
current_echo_experiment,25.0,,0.32,0.573
current_echo_experiment,25.0,,0.325,0.548
current_echo_experiment,25.0,,0.33,0.558
current_echo_experiment,25.0,,0.335,0.532
current_echo_experiment,25.0,,0.34,0.53
current_echo_experiment,25.0,,0.345,0.565
current_echo_experiment,25.0,,0.35,0.559
current_echo_experiment,25.0,,0.355,0.555
current_echo_experiment,25.0,,0.36,0.575
current_echo_experiment,25.0,,0.365,0.542
current_echo_experiment,25.0,,0.37,0.55
current_echo_experiment,25.0,,0.375,0.563
current_echo_experiment,25.0,,0.38,0.569
current_echo_experiment,25.0,,0.385,0.574
current_echo_experiment,25.0,,0.39,0.597
current_echo_experiment,25.0,,0.395,0.6
current_echo_experiment,25.0,,0.4,0.581
current_echo_experiment,25.0,,0.405,0.61
current_echo_experiment,25.0,,0.41,0.588
current_echo_experiment,25.0,,0.415,0.63
current_echo_experiment,25.0,,0.42,0.591
current_echo_experiment,25.0,,0.425,0.607
current_echo_experiment,25.0,,0.43,0.622
current_echo_experiment,25.0,,0.435,0.612
current_echo_experiment,25.0,,0.44,0.593
current_echo_experiment,25.0,,0.445,0.604
current_echo_experiment,25.0,,0.45,0.59
current_echo_experiment,25.0,,0.455,0.596
current_echo_experiment,25.0,,0.46,0.573
current_echo_experiment,25.0,,0.465,0.57
current_echo_experiment,25.0,,0.47,0.565
current_echo_experiment,25.0,,0.475,0.568
current_echo_experiment,25.0,,0.48,0.553
current_echo_experiment,25.0,,0.485,0.555
current_echo_experiment,25.0,,0.49,0.572
current_echo_experiment,25.0,,0.495,0.549
current_echo_experiment,25.0,,0.5,0.565
current_noecho_experiment,2.5,,-0.5,0.25462962962962965
current_noecho_experiment,2.5,,-0.495,0.25462962962962965
current_noecho_experiment,2.5,,-0.49,0.23148148148148148
current_noecho_experiment,2.5,,-0.485,0.2361111111111111
current_noecho_experiment,2.5,,-0.48,0.23148148148148148
current_noecho_experiment,2.5,,-0.475,0.2638888888888889
current_noecho_experiment,2.5,,-0.47,0.25925925925925924
current_noecho_experiment,2.5,,-0.465,0.24074074074074073
current_noecho_experiment,2.5,,-0.46,0.18981481481481483
current_noecho_experiment,2.5,,-0.455,0.25
current_noecho_experiment,2.5,,-0.45,0.24074074074074073
current_noecho_experiment,2.5,,-0.445,0.2222222222222222
current_noecho_experiment,2.5,,-0.44,0.24074074074074073
current_noecho_experiment,2.5,,-0.435,0.28703703703703703
current_noecho_experiment,2.5,,-0.43,0.22685185185185186
current_noecho_experiment,2.5,,-0.425,0.2222222222222222
current_noecho_experiment,2.5,,-0.42,0.20833333333333334
current_noecho_experiment,2.5,,-0.415,0.24074074074074073
current_noecho_experiment,2.5,,-0.41,0.25925925925925924
current_noecho_experiment,2.5,,-0.405,0.28703703703703703
current_noecho_experiment,2.5,,-0.4,0.25
current_noecho_experiment,2.5,,-0.395,0.25
current_noecho_experiment,2.5,,-0.39,0.25
current_noecho_experiment,2.5,,-0.385,0.2037037037037037
current_noecho_experiment,2.5,,-0.38,0.25462962962962965
current_noecho_experiment,2.5,,-0.375,0.28703703703703703
current_noecho_experiment,2.5,,-0.37,0.17592592592592593
current_noecho_experiment,2.5,,-0.365,0.2175925925925926
current_noecho_experiment,2.5,,-0.36,0.2361111111111111
current_noecho_experiment,2.5,,-0.355,0.18055555555555555
current_noecho_experiment,2.5,,-0.35,0.18518518518518517
current_noecho_experiment,2.5,,-0.345,0.16203703703703703
current_noecho_experiment,2.5,,-0.34,0.2638888888888889
current_noecho_experiment,2.5,,-0.335,0.19444444444444445
current_noecho_experiment,2.5,,-0.33,0.16666666666666666
current_noecho_experiment,2.5,,-0.325,0.21296296296296297
current_noecho_experiment,2.5,,-0.32,0.21296296296296297
current_noecho_experiment,2.5,,-0.315,0.16666666666666666
current_noecho_experiment,2.5,,-0.31,0.16203703703703703
current_noecho_experiment,2.5,,-0.305,0.25462962962962965
current_noecho_experiment,2.5,,-0.3,0.19907407407407407
current_noecho_experiment,2.5,,-0.295,0.21296296296296297
current_noecho_experiment,2.5,,-0.29,0.21296296296296297
current_noecho_experiment,2.5,,-0.285,0.18518518518518517
current_noecho_experiment,2.5,,-0.28,0.2037037037037037
current_noecho_experiment,2.5,,-0.275,0.2037037037037037
current_noecho_experiment,2.5,,-0.27,0.14351851851851852
current_noecho_experiment,2.5,,-0.265,0.19444444444444445
current_noecho_experiment,2.5,,-0.26,0.24537037037037038
current_noecho_experiment,2.5,,-0.255,0.12962962962962962
current_noecho_experiment,2.5,,-0.25,0.1527777777777778
current_noecho_experiment,2.5,,-0.245,0.21296296296296297
current_noecho_experiment,2.5,,-0.24,0.17592592592592593
current_noecho_experiment,2.5,,-0.235,0.18055555555555555
current_noecho_experiment,2.5,,-0.23,0.18981481481481483
current_noecho_experiment,2.5,,-0.225,0.13425925925925927
current_noecho_experiment,2.5,,-0.22,0.18055555555555555
current_noecho_experiment,2.5,,-0.215,0.1712962962962963
current_noecho_experiment,2.5,,-0.21,0.16666666666666666
current_noecho_experiment,2.5,,-0.205,0.18981481481481483
current_noecho_experiment,2.5,,-0.2,0.19444444444444445
current_noecho_experiment,2.5,,-0.195,0.16666666666666666
current_noecho_experiment,2.5,,-0.19,0.12037037037037036
current_noecho_experiment,2.5,,-0.185,0.14814814814814814
current_noecho_experiment,2.5,,-0.18,0.14814814814814814
current_noecho_experiment,2.5,,-0.175,0.13425925925925927
current_noecho_experiment,2.5,,-0.17,0.10648148148148148
current_noecho_experiment,2.5,,-0.165,0.18055555555555555
current_noecho_experiment,2.5,,-0.16,0.125
current_noecho_experiment,2.5,,-0.155,0.13425925925925927
current_noecho_experiment,2.5,,-0.15,0.08796296296296297
current_noecho_experiment,2.5,,-0.145,0.125
current_noecho_experiment,2.5,,-0.14,0.10185185185185185
current_noecho_experiment,2.5,,-0.135,0.12037037037037036
current_noecho_experiment,2.5,,-0.13,0.09722222222222222
current_noecho_experiment,2.5,,-0.125,0.09259259259259259
current_noecho_experiment,2.5,,-0.12,0.11574074074074074
current_noecho_experiment,2.5,,-0.115,0.10648148148148148
current_noecho_experiment,2.5,,-0.11,0.12037037037037036
current_noecho_experiment,2.5,,-0.105,0.14351851851851852
current_noecho_experiment,2.5,,-0.1,0.0787037037037037
current_noecho_experiment,2.5,,-0.095,0.12037037037037036
current_noecho_experiment,2.5,,-0.09,0.13425925925925927
current_noecho_experiment,2.5,,-0.085,0.12962962962962962
current_noecho_experiment,2.5,,-0.08,0.125
current_noecho_experiment,2.5,,-0.075,0.13425925925925927
current_noecho_experiment,2.5,,-0.07,0.16666666666666666
current_noecho_experiment,2.5,,-0.065,0.17592592592592593
current_noecho_experiment,2.5,,-0.06,0.20833333333333334
current_noecho_experiment,2.5,,-0.055,0.25
current_noecho_experiment,2.5,,-0.05,0.24074074074074073
current_noecho_experiment,2.5,,-0.045,0.2638888888888889
current_noecho_experiment,2.5,,-0.04,0.3055555555555556
current_noecho_experiment,2.5,,-0.035,0.3101851851851852
current_noecho_experiment,2.5,,-0.03,0.37037037037037035
current_noecho_experiment,2.5,,-0.025,0.3425925925925926
current_noecho_experiment,2.5,,-0.02,0.39814814814814814
current_noecho_experiment,2.5,,-0.015,0.4398148148148148
current_noecho_experiment,2.5,,-0.01,0.4537037037037037
current_noecho_experiment,2.5,,-0.005,0.4305555555555556
current_noecho_experiment,2.5,,0.0,0.39351851851851855
current_noecho_experiment,2.5,,0.005,0.47685185185185186
current_noecho_experiment,2.5,,0.01,0.49537037037037035
current_noecho_experiment,2.5,,0.015,0.36574074074074076
current_noecho_experiment,2.5,,0.02,0.5092592592592593
current_noecho_experiment,2.5,,0.025,0.35185185185185186
current_noecho_experiment,2.5,,0.03,0.39814814814814814
current_noecho_experiment,2.5,,0.035,0.37037037037037035
current_noecho_experiment,2.5,,0.04,0.26851851851851855
current_noecho_experiment,2.5,,0.045,0.3333333333333333
current_noecho_experiment,2.5,,0.05,0.3472222222222222
current_noecho_experiment,2.5,,0.055,0.2361111111111111
current_noecho_experiment,2.5,,0.06,0.2037037037037037
current_noecho_experiment,2.5,,0.065,0.19444444444444445
current_noecho_experiment,2.5,,0.07,0.17592592592592593
current_noecho_experiment,2.5,,0.075,0.1574074074074074
current_noecho_experiment,2.5,,0.08,0.14814814814814814
current_noecho_experiment,2.5,,0.085,0.10185185185185185
current_noecho_experiment,2.5,,0.09,0.1527777777777778
current_noecho_experiment,2.5,,0.095,0.12962962962962962
current_noecho_experiment,2.5,,0.1,0.0787037037037037
current_noecho_experiment,2.5,,0.105,0.1111111111111111
current_noecho_experiment,2.5,,0.11,0.08796296296296297
current_noecho_experiment,2.5,,0.115,0.10185185185185185
current_noecho_experiment,2.5,,0.12,0.10648148148148148
current_noecho_experiment,2.5,,0.125,0.11574074074074074
current_noecho_experiment,2.5,,0.13,0.09722222222222222
current_noecho_experiment,2.5,,0.135,0.09722222222222222
current_noecho_experiment,2.5,,0.14,0.14351851851851852
current_noecho_experiment,2.5,,0.145,0.14814814814814814
current_noecho_experiment,2.5,,0.15,0.08796296296296297
current_noecho_experiment,2.5,,0.155,0.07407407407407407
current_noecho_experiment,2.5,,0.16,0.10185185185185185
current_noecho_experiment,2.5,,0.165,0.11574074074074074
current_noecho_experiment,2.5,,0.17,0.12037037037037036
current_noecho_experiment,2.5,,0.175,0.12962962962962962
current_noecho_experiment,2.5,,0.18,0.12962962962962962
current_noecho_experiment,2.5,,0.185,0.14814814814814814
current_noecho_experiment,2.5,,0.19,0.12962962962962962
current_noecho_experiment,2.5,,0.195,0.09722222222222222
current_noecho_experiment,2.5,,0.2,0.14814814814814814
current_noecho_experiment,2.5,,0.205,0.12037037037037036
current_noecho_experiment,2.5,,0.21,0.1388888888888889
current_noecho_experiment,2.5,,0.215,0.16203703703703703
current_noecho_experiment,2.5,,0.22,0.1388888888888889
current_noecho_experiment,2.5,,0.225,0.19444444444444445
current_noecho_experiment,2.5,,0.23,0.1527777777777778
current_noecho_experiment,2.5,,0.235,0.16203703703703703
current_noecho_experiment,2.5,,0.24,0.1712962962962963
current_noecho_experiment,2.5,,0.245,0.17592592592592593
current_noecho_experiment,2.5,,0.25,0.18055555555555555
current_noecho_experiment,2.5,,0.255,0.1712962962962963
current_noecho_experiment,2.5,,0.26,0.1527777777777778
current_noecho_experiment,2.5,,0.265,0.1712962962962963
current_noecho_experiment,2.5,,0.27,0.17592592592592593
current_noecho_experiment,2.5,,0.275,0.17592592592592593
current_noecho_experiment,2.5,,0.28,0.19907407407407407
current_noecho_experiment,2.5,,0.285,0.1574074074074074
current_noecho_experiment,2.5,,0.29,0.1527777777777778
current_noecho_experiment,2.5,,0.295,0.2037037037037037
current_noecho_experiment,2.5,,0.3,0.18981481481481483
current_noecho_experiment,2.5,,0.305,0.19444444444444445
current_noecho_experiment,2.5,,0.31,0.18981481481481483
current_noecho_experiment,2.5,,0.315,0.21296296296296297
current_noecho_experiment,2.5,,0.32,0.18055555555555555
current_noecho_experiment,2.5,,0.325,0.14814814814814814
current_noecho_experiment,2.5,,0.33,0.19907407407407407
current_noecho_experiment,2.5,,0.335,0.18518518518518517
current_noecho_experiment,2.5,,0.34,0.18055555555555555
current_noecho_experiment,2.5,,0.345,0.19444444444444445
current_noecho_experiment,2.5,,0.35,0.19907407407407407
current_noecho_experiment,2.5,,0.355,0.17592592592592593
current_noecho_experiment,2.5,,0.36,0.2175925925925926
current_noecho_experiment,2.5,,0.365,0.20833333333333334
current_noecho_experiment,2.5,,0.37,0.22685185185185186
current_noecho_experiment,2.5,,0.375,0.22685185185185186
current_noecho_experiment,2.5,,0.38,0.2037037037037037
current_noecho_experiment,2.5,,0.385,0.19444444444444445
current_noecho_experiment,2.5,,0.39,0.23148148148148148
current_noecho_experiment,2.5,,0.395,0.2222222222222222
current_noecho_experiment,2.5,,0.4,0.2175925925925926
current_noecho_experiment,2.5,,0.405,0.18518518518518517
current_noecho_experiment,2.5,,0.41,0.23148148148148148
current_noecho_experiment,2.5,,0.415,0.20833333333333334
current_noecho_experiment,2.5,,0.42,0.1712962962962963
current_noecho_experiment,2.5,,0.425,0.19907407407407407
current_noecho_experiment,2.5,,0.43,0.19907407407407407
current_noecho_experiment,2.5,,0.435,0.2361111111111111
current_noecho_experiment,2.5,,0.44,0.20833333333333334
current_noecho_experiment,2.5,,0.445,0.23148148148148148
current_noecho_experiment,2.5,,0.45,0.23148148148148148
current_noecho_experiment,2.5,,0.455,0.21296296296296297
current_noecho_experiment,2.5,,0.46,0.25925925925925924
current_noecho_experiment,2.5,,0.465,0.2222222222222222
current_noecho_experiment,2.5,,0.47,0.24074074074074073
current_noecho_experiment,2.5,,0.475,0.27314814814814814
current_noecho_experiment,2.5,,0.48,0.24074074074074073
current_noecho_experiment,2.5,,0.485,0.2638888888888889
current_noecho_experiment,2.5,,0.49,0.2037037037037037
current_noecho_experiment,2.5,,0.495,0.20833333333333334
current_noecho_experiment,2.5,,0.5,0.19907407407407407
current_noecho_experiment,10.0,,-0.5,0.1111111111111111
current_noecho_experiment,10.0,,-0.495,0.13425925925925927
current_noecho_experiment,10.0,,-0.49,0.13425925925925927
current_noecho_experiment,10.0,,-0.485,0.07407407407407407
current_noecho_experiment,10.0,,-0.48,0.10185185185185185
current_noecho_experiment,10.0,,-0.475,0.09722222222222222
current_noecho_experiment,10.0,,-0.47,0.08333333333333333
current_noecho_experiment,10.0,,-0.465,0.1388888888888889
current_noecho_experiment,10.0,,-0.46,0.09722222222222222
current_noecho_experiment,10.0,,-0.455,0.05555555555555555
current_noecho_experiment,10.0,,-0.45,0.12037037037037036
current_noecho_experiment,10.0,,-0.445,0.13425925925925927
current_noecho_experiment,10.0,,-0.44,0.10648148148148148
current_noecho_experiment,10.0,,-0.435,0.09259259259259259
current_noecho_experiment,10.0,,-0.43,0.11574074074074074
current_noecho_experiment,10.0,,-0.425,0.125
current_noecho_experiment,10.0,,-0.42,0.12037037037037036
current_noecho_experiment,10.0,,-0.415,0.10648148148148148
current_noecho_experiment,10.0,,-0.41,0.13425925925925927
current_noecho_experiment,10.0,,-0.405,0.12037037037037036
current_noecho_experiment,10.0,,-0.4,0.10185185185185185
current_noecho_experiment,10.0,,-0.395,0.10648148148148148
current_noecho_experiment,10.0,,-0.39,0.1527777777777778
current_noecho_experiment,10.0,,-0.385,0.13425925925925927
current_noecho_experiment,10.0,,-0.38,0.10185185185185185
current_noecho_experiment,10.0,,-0.375,0.1388888888888889
current_noecho_experiment,10.0,,-0.37,0.1111111111111111
current_noecho_experiment,10.0,,-0.365,0.10185185185185185
current_noecho_experiment,10.0,,-0.36,0.125
current_noecho_experiment,10.0,,-0.355,0.12962962962962962
current_noecho_experiment,10.0,,-0.35,0.1388888888888889
current_noecho_experiment,10.0,,-0.345,0.09722222222222222
current_noecho_experiment,10.0,,-0.34,0.1574074074074074
current_noecho_experiment,10.0,,-0.335,0.06944444444444445
current_noecho_experiment,10.0,,-0.33,0.12962962962962962
current_noecho_experiment,10.0,,-0.325,0.14814814814814814
current_noecho_experiment,10.0,,-0.32,0.1111111111111111
current_noecho_experiment,10.0,,-0.315,0.12962962962962962
current_noecho_experiment,10.0,,-0.31,0.18055555555555555
current_noecho_experiment,10.0,,-0.305,0.11574074074074074
current_noecho_experiment,10.0,,-0.3,0.16203703703703703
current_noecho_experiment,10.0,,-0.295,0.1527777777777778
current_noecho_experiment,10.0,,-0.29,0.125
current_noecho_experiment,10.0,,-0.285,0.1712962962962963
current_noecho_experiment,10.0,,-0.28,0.10185185185185185
current_noecho_experiment,10.0,,-0.275,0.17592592592592593
current_noecho_experiment,10.0,,-0.27,0.16203703703703703
current_noecho_experiment,10.0,,-0.265,0.1712962962962963
current_noecho_experiment,10.0,,-0.26,0.1712962962962963
current_noecho_experiment,10.0,,-0.255,0.1712962962962963
current_noecho_experiment,10.0,,-0.25,0.18518518518518517
current_noecho_experiment,10.0,,-0.245,0.18518518518518517
current_noecho_experiment,10.0,,-0.24,0.1712962962962963
current_noecho_experiment,10.0,,-0.235,0.16666666666666666
current_noecho_experiment,10.0,,-0.23,0.12962962962962962
current_noecho_experiment,10.0,,-0.225,0.16666666666666666
current_noecho_experiment,10.0,,-0.22,0.16666666666666666
current_noecho_experiment,10.0,,-0.215,0.14814814814814814
current_noecho_experiment,10.0,,-0.21,0.17592592592592593
current_noecho_experiment,10.0,,-0.205,0.21296296296296297
current_noecho_experiment,10.0,,-0.2,0.18055555555555555
current_noecho_experiment,10.0,,-0.195,0.1388888888888889
current_noecho_experiment,10.0,,-0.19,0.1527777777777778
current_noecho_experiment,10.0,,-0.185,0.2037037037037037
current_noecho_experiment,10.0,,-0.18,0.16666666666666666
current_noecho_experiment,10.0,,-0.175,0.1527777777777778
current_noecho_experiment,10.0,,-0.17,0.18981481481481483
current_noecho_experiment,10.0,,-0.165,0.20833333333333334
current_noecho_experiment,10.0,,-0.16,0.16666666666666666
current_noecho_experiment,10.0,,-0.155,0.2361111111111111
current_noecho_experiment,10.0,,-0.15,0.17592592592592593
current_noecho_experiment,10.0,,-0.145,0.25925925925925924
current_noecho_experiment,10.0,,-0.14,0.2361111111111111
current_noecho_experiment,10.0,,-0.135,0.2222222222222222
current_noecho_experiment,10.0,,-0.13,0.18981481481481483
current_noecho_experiment,10.0,,-0.125,0.24074074074074073
current_noecho_experiment,10.0,,-0.12,0.25
current_noecho_experiment,10.0,,-0.115,0.2037037037037037
current_noecho_experiment,10.0,,-0.11,0.3101851851851852
current_noecho_experiment,10.0,,-0.105,0.28703703703703703
current_noecho_experiment,10.0,,-0.1,0.3194444444444444
current_noecho_experiment,10.0,,-0.095,0.3333333333333333
current_noecho_experiment,10.0,,-0.09,0.30092592592592593
current_noecho_experiment,10.0,,-0.085,0.3472222222222222
current_noecho_experiment,10.0,,-0.08,0.3148148148148148
current_noecho_experiment,10.0,,-0.075,0.3333333333333333
current_noecho_experiment,10.0,,-0.07,0.2916666666666667
current_noecho_experiment,10.0,,-0.065,0.3425925925925926
current_noecho_experiment,10.0,,-0.06,0.3472222222222222
current_noecho_experiment,10.0,,-0.055,0.39351851851851855
current_noecho_experiment,10.0,,-0.05,0.37962962962962965
current_noecho_experiment,10.0,,-0.045,0.375
current_noecho_experiment,10.0,,-0.04,0.3888888888888889
current_noecho_experiment,10.0,,-0.035,0.375
current_noecho_experiment,10.0,,-0.03,0.35648148148148145
current_noecho_experiment,10.0,,-0.025,0.375
current_noecho_experiment,10.0,,-0.02,0.4212962962962963
current_noecho_experiment,10.0,,-0.015,0.39814814814814814
current_noecho_experiment,10.0,,-0.01,0.4305555555555556
current_noecho_experiment,10.0,,-0.005,0.4537037037037037
current_noecho_experiment,10.0,,0.0,0.4861111111111111
current_noecho_experiment,10.0,,0.005,0.4305555555555556
current_noecho_experiment,10.0,,0.01,0.4027777777777778
current_noecho_experiment,10.0,,0.015,0.5046296296296297
current_noecho_experiment,10.0,,0.02,0.4351851851851852
current_noecho_experiment,10.0,,0.025,0.4166666666666667
current_noecho_experiment,10.0,,0.03,0.4166666666666667
current_noecho_experiment,10.0,,0.035,0.4675925925925926
current_noecho_experiment,10.0,,0.04,0.375
current_noecho_experiment,10.0,,0.045,0.3611111111111111
current_noecho_experiment,10.0,,0.05,0.37037037037037035
current_noecho_experiment,10.0,,0.055,0.36574074074074076
current_noecho_experiment,10.0,,0.06,0.28703703703703703
current_noecho_experiment,10.0,,0.065,0.3194444444444444
current_noecho_experiment,10.0,,0.07,0.32407407407407407
current_noecho_experiment,10.0,,0.075,0.3101851851851852
current_noecho_experiment,10.0,,0.08,0.2777777777777778
current_noecho_experiment,10.0,,0.085,0.30092592592592593
current_noecho_experiment,10.0,,0.09,0.2962962962962963
current_noecho_experiment,10.0,,0.095,0.2916666666666667
current_noecho_experiment,10.0,,0.1,0.2777777777777778
current_noecho_experiment,10.0,,0.105,0.30092592592592593
current_noecho_experiment,10.0,,0.11,0.24074074074074073
current_noecho_experiment,10.0,,0.115,0.2962962962962963
current_noecho_experiment,10.0,,0.12,0.24074074074074073
current_noecho_experiment,10.0,,0.125,0.24074074074074073
current_noecho_experiment,10.0,,0.13,0.2175925925925926
current_noecho_experiment,10.0,,0.135,0.2222222222222222
current_noecho_experiment,10.0,,0.14,0.21296296296296297
current_noecho_experiment,10.0,,0.145,0.20833333333333334
current_noecho_experiment,10.0,,0.15,0.2175925925925926
current_noecho_experiment,10.0,,0.155,0.18055555555555555
current_noecho_experiment,10.0,,0.16,0.1527777777777778
current_noecho_experiment,10.0,,0.165,0.18518518518518517
current_noecho_experiment,10.0,,0.17,0.18981481481481483
current_noecho_experiment,10.0,,0.175,0.16666666666666666
current_noecho_experiment,10.0,,0.18,0.18055555555555555
current_noecho_experiment,10.0,,0.185,0.16666666666666666
current_noecho_experiment,10.0,,0.19,0.18055555555555555
current_noecho_experiment,10.0,,0.195,0.17592592592592593
current_noecho_experiment,10.0,,0.2,0.13425925925925927
current_noecho_experiment,10.0,,0.205,0.21296296296296297
current_noecho_experiment,10.0,,0.21,0.13425925925925927
current_noecho_experiment,10.0,,0.215,0.17592592592592593
current_noecho_experiment,10.0,,0.22,0.17592592592592593
current_noecho_experiment,10.0,,0.225,0.1527777777777778
current_noecho_experiment,10.0,,0.23,0.16203703703703703
current_noecho_experiment,10.0,,0.235,0.14351851851851852
current_noecho_experiment,10.0,,0.24,0.1388888888888889
current_noecho_experiment,10.0,,0.245,0.1527777777777778
current_noecho_experiment,10.0,,0.25,0.1388888888888889
current_noecho_experiment,10.0,,0.255,0.125
current_noecho_experiment,10.0,,0.26,0.12037037037037036
current_noecho_experiment,10.0,,0.265,0.09722222222222222
current_noecho_experiment,10.0,,0.27,0.13425925925925927
current_noecho_experiment,10.0,,0.275,0.14814814814814814
current_noecho_experiment,10.0,,0.28,0.125
current_noecho_experiment,10.0,,0.285,0.11574074074074074
current_noecho_experiment,10.0,,0.29,0.1527777777777778
current_noecho_experiment,10.0,,0.295,0.12037037037037036
current_noecho_experiment,10.0,,0.3,0.12962962962962962
current_noecho_experiment,10.0,,0.305,0.1388888888888889
current_noecho_experiment,10.0,,0.31,0.1111111111111111
current_noecho_experiment,10.0,,0.315,0.11574074074074074
current_noecho_experiment,10.0,,0.32,0.10185185185185185
current_noecho_experiment,10.0,,0.325,0.08333333333333333
current_noecho_experiment,10.0,,0.33,0.07407407407407407
current_noecho_experiment,10.0,,0.335,0.08796296296296297
current_noecho_experiment,10.0,,0.34,0.08333333333333333
current_noecho_experiment,10.0,,0.345,0.10185185185185185
current_noecho_experiment,10.0,,0.35,0.11574074074074074
current_noecho_experiment,10.0,,0.355,0.12037037037037036
current_noecho_experiment,10.0,,0.36,0.09259259259259259
current_noecho_experiment,10.0,,0.365,0.10185185185185185
current_noecho_experiment,10.0,,0.37,0.08796296296296297
current_noecho_experiment,10.0,,0.375,0.0787037037037037
current_noecho_experiment,10.0,,0.38,0.09259259259259259
current_noecho_experiment,10.0,,0.385,0.14351851851851852
current_noecho_experiment,10.0,,0.39,0.12037037037037036
current_noecho_experiment,10.0,,0.395,0.08796296296296297
current_noecho_experiment,10.0,,0.4,0.10185185185185185
current_noecho_experiment,10.0,,0.405,0.10185185185185185
current_noecho_experiment,10.0,,0.41,0.07407407407407407
current_noecho_experiment,10.0,,0.415,0.10648148148148148
current_noecho_experiment,10.0,,0.42,0.125
current_noecho_experiment,10.0,,0.425,0.12037037037037036
current_noecho_experiment,10.0,,0.43,0.09722222222222222
current_noecho_experiment,10.0,,0.435,0.0787037037037037
current_noecho_experiment,10.0,,0.44,0.14814814814814814
current_noecho_experiment,10.0,,0.445,0.11574074074074074
current_noecho_experiment,10.0,,0.45,0.09259259259259259
current_noecho_experiment,10.0,,0.455,0.08333333333333333
current_noecho_experiment,10.0,,0.46,0.125
current_noecho_experiment,10.0,,0.465,0.05555555555555555
current_noecho_experiment,10.0,,0.47,0.1111111111111111
current_noecho_experiment,10.0,,0.475,0.1111111111111111
current_noecho_experiment,10.0,,0.48,0.08796296296296297
current_noecho_experiment,10.0,,0.485,0.06481481481481481
current_noecho_experiment,10.0,,0.49,0.10648148148148148
current_noecho_experiment,10.0,,0.495,0.11574074074074074
current_noecho_experiment,10.0,,0.5,0.11574074074074074
current_noecho_experiment,25.0,,-0.5,0.19444444444444445
current_noecho_experiment,25.0,,-0.495,0.1527777777777778
current_noecho_experiment,25.0,,-0.49,0.18055555555555555
current_noecho_experiment,25.0,,-0.485,0.24074074074074073
current_noecho_experiment,25.0,,-0.48,0.1712962962962963
current_noecho_experiment,25.0,,-0.475,0.21296296296296297
current_noecho_experiment,25.0,,-0.47,0.2037037037037037
current_noecho_experiment,25.0,,-0.465,0.19907407407407407
current_noecho_experiment,25.0,,-0.46,0.18981481481481483
current_noecho_experiment,25.0,,-0.455,0.1712962962962963
current_noecho_experiment,25.0,,-0.45,0.19907407407407407
current_noecho_experiment,25.0,,-0.445,0.17592592592592593
current_noecho_experiment,25.0,,-0.44,0.17592592592592593
current_noecho_experiment,25.0,,-0.435,0.2222222222222222
current_noecho_experiment,25.0,,-0.43,0.1712962962962963
current_noecho_experiment,25.0,,-0.425,0.18518518518518517
current_noecho_experiment,25.0,,-0.42,0.17592592592592593
current_noecho_experiment,25.0,,-0.415,0.21296296296296297
current_noecho_experiment,25.0,,-0.41,0.20833333333333334
current_noecho_experiment,25.0,,-0.405,0.2037037037037037
current_noecho_experiment,25.0,,-0.4,0.2361111111111111
current_noecho_experiment,25.0,,-0.395,0.18518518518518517
current_noecho_experiment,25.0,,-0.39,0.2175925925925926
current_noecho_experiment,25.0,,-0.385,0.19907407407407407
current_noecho_experiment,25.0,,-0.38,0.16666666666666666
current_noecho_experiment,25.0,,-0.375,0.18055555555555555
current_noecho_experiment,25.0,,-0.37,0.18981481481481483
current_noecho_experiment,25.0,,-0.365,0.21296296296296297
current_noecho_experiment,25.0,,-0.36,0.25
current_noecho_experiment,25.0,,-0.355,0.2037037037037037
current_noecho_experiment,25.0,,-0.35,0.2222222222222222
current_noecho_experiment,25.0,,-0.345,0.24537037037037038
current_noecho_experiment,25.0,,-0.34,0.19444444444444445
current_noecho_experiment,25.0,,-0.335,0.25462962962962965
current_noecho_experiment,25.0,,-0.33,0.21296296296296297
current_noecho_experiment,25.0,,-0.325,0.25
current_noecho_experiment,25.0,,-0.32,0.25462962962962965
current_noecho_experiment,25.0,,-0.315,0.23148148148148148
current_noecho_experiment,25.0,,-0.31,0.26851851851851855
current_noecho_experiment,25.0,,-0.305,0.2824074074074074
current_noecho_experiment,25.0,,-0.3,0.2037037037037037
current_noecho_experiment,25.0,,-0.295,0.25925925925925924
current_noecho_experiment,25.0,,-0.29,0.2361111111111111
current_noecho_experiment,25.0,,-0.285,0.24074074074074073
current_noecho_experiment,25.0,,-0.28,0.21296296296296297
current_noecho_experiment,25.0,,-0.275,0.3194444444444444
current_noecho_experiment,25.0,,-0.27,0.26851851851851855
current_noecho_experiment,25.0,,-0.265,0.22685185185185186
current_noecho_experiment,25.0,,-0.26,0.3148148148148148
current_noecho_experiment,25.0,,-0.255,0.28703703703703703
current_noecho_experiment,25.0,,-0.25,0.2916666666666667
current_noecho_experiment,25.0,,-0.245,0.2777777777777778
current_noecho_experiment,25.0,,-0.24,0.30092592592592593
current_noecho_experiment,25.0,,-0.235,0.3055555555555556
current_noecho_experiment,25.0,,-0.23,0.2824074074074074
current_noecho_experiment,25.0,,-0.225,0.25
current_noecho_experiment,25.0,,-0.22,0.32407407407407407
current_noecho_experiment,25.0,,-0.215,0.2962962962962963
current_noecho_experiment,25.0,,-0.21,0.3425925925925926
current_noecho_experiment,25.0,,-0.205,0.2916666666666667
current_noecho_experiment,25.0,,-0.2,0.3101851851851852
current_noecho_experiment,25.0,,-0.195,0.2916666666666667
current_noecho_experiment,25.0,,-0.19,0.2916666666666667
current_noecho_experiment,25.0,,-0.185,0.25462962962962965
current_noecho_experiment,25.0,,-0.18,0.3287037037037037
current_noecho_experiment,25.0,,-0.175,0.33796296296296297
current_noecho_experiment,25.0,,-0.17,0.35648148148148145
current_noecho_experiment,25.0,,-0.165,0.33796296296296297
current_noecho_experiment,25.0,,-0.16,0.38425925925925924
current_noecho_experiment,25.0,,-0.155,0.37962962962962965
current_noecho_experiment,25.0,,-0.15,0.3333333333333333
current_noecho_experiment,25.0,,-0.145,0.33796296296296297
current_noecho_experiment,25.0,,-0.14,0.4027777777777778
current_noecho_experiment,25.0,,-0.135,0.4166666666666667
current_noecho_experiment,25.0,,-0.13,0.3888888888888889
current_noecho_experiment,25.0,,-0.125,0.4027777777777778
current_noecho_experiment,25.0,,-0.12,0.41203703703703703
current_noecho_experiment,25.0,,-0.115,0.3888888888888889
current_noecho_experiment,25.0,,-0.11,0.33796296296296297
current_noecho_experiment,25.0,,-0.105,0.37037037037037035
current_noecho_experiment,25.0,,-0.1,0.37962962962962965
current_noecho_experiment,25.0,,-0.095,0.36574074074074076
current_noecho_experiment,25.0,,-0.09,0.3101851851851852
current_noecho_experiment,25.0,,-0.085,0.4305555555555556
current_noecho_experiment,25.0,,-0.08,0.4212962962962963
current_noecho_experiment,25.0,,-0.075,0.41203703703703703
current_noecho_experiment,25.0,,-0.07,0.4166666666666667
current_noecho_experiment,25.0,,-0.065,0.41203703703703703
current_noecho_experiment,25.0,,-0.06,0.37962962962962965
current_noecho_experiment,25.0,,-0.055,0.48148148148148145
current_noecho_experiment,25.0,,-0.05,0.4166666666666667
current_noecho_experiment,25.0,,-0.045,0.44907407407407407
current_noecho_experiment,25.0,,-0.04,0.48148148148148145
current_noecho_experiment,25.0,,-0.035,0.4537037037037037
current_noecho_experiment,25.0,,-0.03,0.5092592592592593
current_noecho_experiment,25.0,,-0.025,0.5601851851851852
current_noecho_experiment,25.0,,-0.02,0.5740740740740741
current_noecho_experiment,25.0,,-0.015,0.5370370370370371
current_noecho_experiment,25.0,,-0.01,0.49074074074074076
current_noecho_experiment,25.0,,-0.005,0.5277777777777778
current_noecho_experiment,25.0,,0.0,0.5185185185185185
current_noecho_experiment,25.0,,0.005,0.5787037037037037
current_noecho_experiment,25.0,,0.01,0.5509259259259259
current_noecho_experiment,25.0,,0.015,0.5185185185185185
current_noecho_experiment,25.0,,0.02,0.5
current_noecho_experiment,25.0,,0.025,0.5555555555555556
current_noecho_experiment,25.0,,0.03,0.5092592592592593
current_noecho_experiment,25.0,,0.035,0.4444444444444444
current_noecho_experiment,25.0,,0.04,0.4675925925925926
current_noecho_experiment,25.0,,0.045,0.4398148148148148
current_noecho_experiment,25.0,,0.05,0.47685185185185186
current_noecho_experiment,25.0,,0.055,0.47685185185185186
current_noecho_experiment,25.0,,0.06,0.39351851851851855
current_noecho_experiment,25.0,,0.065,0.39814814814814814
current_noecho_experiment,25.0,,0.07,0.37962962962962965
current_noecho_experiment,25.0,,0.075,0.375
current_noecho_experiment,25.0,,0.08,0.38425925925925924
current_noecho_experiment,25.0,,0.085,0.4074074074074074
current_noecho_experiment,25.0,,0.09,0.3611111111111111
current_noecho_experiment,25.0,,0.095,0.3888888888888889
current_noecho_experiment,25.0,,0.1,0.35185185185185186
current_noecho_experiment,25.0,,0.105,0.37962962962962965
current_noecho_experiment,25.0,,0.11,0.47685185185185186
current_noecho_experiment,25.0,,0.115,0.4212962962962963
current_noecho_experiment,25.0,,0.12,0.42592592592592593
current_noecho_experiment,25.0,,0.125,0.3888888888888889
current_noecho_experiment,25.0,,0.13,0.3101851851851852
current_noecho_experiment,25.0,,0.135,0.4537037037037037
current_noecho_experiment,25.0,,0.14,0.39814814814814814
current_noecho_experiment,25.0,,0.145,0.37037037037037035
current_noecho_experiment,25.0,,0.15,0.38425925925925924
current_noecho_experiment,25.0,,0.155,0.35648148148148145
current_noecho_experiment,25.0,,0.16,0.3055555555555556
current_noecho_experiment,25.0,,0.165,0.30092592592592593
current_noecho_experiment,25.0,,0.17,0.3425925925925926
current_noecho_experiment,25.0,,0.175,0.2916666666666667
current_noecho_experiment,25.0,,0.18,0.3194444444444444
current_noecho_experiment,25.0,,0.185,0.26851851851851855
current_noecho_experiment,25.0,,0.19,0.3333333333333333
current_noecho_experiment,25.0,,0.195,0.32407407407407407
current_noecho_experiment,25.0,,0.2,0.30092592592592593
current_noecho_experiment,25.0,,0.205,0.27314814814814814
current_noecho_experiment,25.0,,0.21,0.2962962962962963
current_noecho_experiment,25.0,,0.215,0.22685185185185186
current_noecho_experiment,25.0,,0.22,0.27314814814814814
current_noecho_experiment,25.0,,0.225,0.25462962962962965
current_noecho_experiment,25.0,,0.23,0.24537037037037038
current_noecho_experiment,25.0,,0.235,0.3055555555555556
current_noecho_experiment,25.0,,0.24,0.2175925925925926
current_noecho_experiment,25.0,,0.245,0.26851851851851855
current_noecho_experiment,25.0,,0.25,0.25
current_noecho_experiment,25.0,,0.255,0.19907407407407407
current_noecho_experiment,25.0,,0.26,0.2916666666666667
current_noecho_experiment,25.0,,0.265,0.2222222222222222
current_noecho_experiment,25.0,,0.27,0.2175925925925926
current_noecho_experiment,25.0,,0.275,0.24537037037037038
current_noecho_experiment,25.0,,0.28,0.25462962962962965
current_noecho_experiment,25.0,,0.285,0.2777777777777778
current_noecho_experiment,25.0,,0.29,0.20833333333333334
current_noecho_experiment,25.0,,0.295,0.25925925925925924
current_noecho_experiment,25.0,,0.3,0.26851851851851855
current_noecho_experiment,25.0,,0.305,0.19444444444444445
current_noecho_experiment,25.0,,0.31,0.19907407407407407
current_noecho_experiment,25.0,,0.315,0.2037037037037037
current_noecho_experiment,25.0,,0.32,0.21296296296296297
current_noecho_experiment,25.0,,0.325,0.2175925925925926
current_noecho_experiment,25.0,,0.33,0.18981481481481483
current_noecho_experiment,25.0,,0.335,0.17592592592592593
current_noecho_experiment,25.0,,0.34,0.2222222222222222
current_noecho_experiment,25.0,,0.345,0.2222222222222222
current_noecho_experiment,25.0,,0.35,0.22685185185185186
current_noecho_experiment,25.0,,0.355,0.1712962962962963
current_noecho_experiment,25.0,,0.36,0.12962962962962962
current_noecho_experiment,25.0,,0.365,0.1712962962962963
current_noecho_experiment,25.0,,0.37,0.18518518518518517
current_noecho_experiment,25.0,,0.375,0.18981481481481483
current_noecho_experiment,25.0,,0.38,0.21296296296296297
current_noecho_experiment,25.0,,0.385,0.14814814814814814
current_noecho_experiment,25.0,,0.39,0.21296296296296297
current_noecho_experiment,25.0,,0.395,0.21296296296296297
current_noecho_experiment,25.0,,0.4,0.17592592592592593
current_noecho_experiment,25.0,,0.405,0.1574074074074074
current_noecho_experiment,25.0,,0.41,0.19444444444444445
current_noecho_experiment,25.0,,0.415,0.17592592592592593
current_noecho_experiment,25.0,,0.42,0.12962962962962962
current_noecho_experiment,25.0,,0.425,0.1527777777777778
current_noecho_experiment,25.0,,0.43,0.14351851851851852
current_noecho_experiment,25.0,,0.435,0.18055555555555555
current_noecho_experiment,25.0,,0.44,0.12962962962962962
current_noecho_experiment,25.0,,0.445,0.1574074074074074
current_noecho_experiment,25.0,,0.45,0.14814814814814814
current_noecho_experiment,25.0,,0.455,0.17592592592592593
current_noecho_experiment,25.0,,0.46,0.14814814814814814
current_noecho_experiment,25.0,,0.465,0.1527777777777778
current_noecho_experiment,25.0,,0.47,0.16666666666666666
current_noecho_experiment,25.0,,0.475,0.18981481481481483
current_noecho_experiment,25.0,,0.48,0.14351851851851852
current_noecho_experiment,25.0,,0.485,0.14351851851851852
current_noecho_experiment,25.0,,0.49,0.12962962962962962
current_noecho_experiment,25.0,,0.495,0.14351851851851852
current_noecho_experiment,25.0,,0.5,0.1527777777777778
half_anharmonicity_noecho_three_level_simulation,2.5,2.5510204081632653,-0.5,0.21186227305596586
half_anharmonicity_noecho_three_level_total_simulation,2.5,2.5510204081632653,-0.5,0.21187387925643342
half_anharmonicity_noecho_three_level_simulation,2.5,2.5510204081632653,-0.47959183673469385,0.20768995262111528
half_anharmonicity_noecho_three_level_total_simulation,2.5,2.5510204081632653,-0.47959183673469385,0.2077017010272881
half_anharmonicity_noecho_three_level_simulation,2.5,2.5510204081632653,-0.45918367346938777,0.1997358673847907
half_anharmonicity_noecho_three_level_total_simulation,2.5,2.5510204081632653,-0.45918367346938777,0.19974780926201455
half_anharmonicity_noecho_three_level_simulation,2.5,2.5510204081632653,-0.4387755102040816,0.19464115203148905
half_anharmonicity_noecho_three_level_total_simulation,2.5,2.5510204081632653,-0.4387755102040816,0.19465334780849317
half_anharmonicity_noecho_three_level_simulation,2.5,2.5510204081632653,-0.41836734693877553,0.19480025735760503
half_anharmonicity_noecho_three_level_total_simulation,2.5,2.5510204081632653,-0.41836734693877553,0.1948126962152208
half_anharmonicity_noecho_three_level_simulation,2.5,2.5510204081632653,-0.3979591836734694,0.19480942872041437
half_anharmonicity_noecho_three_level_total_simulation,2.5,2.5510204081632653,-0.3979591836734694,0.194822044357816
half_anharmonicity_noecho_three_level_simulation,2.5,2.5510204081632653,-0.37755102040816324,0.1882181143322643
half_anharmonicity_noecho_three_level_total_simulation,2.5,2.5510204081632653,-0.37755102040816324,0.18823088229683888
half_anharmonicity_noecho_three_level_simulation,2.5,2.5510204081632653,-0.35714285714285715,0.176697554798185
half_anharmonicity_noecho_three_level_total_simulation,2.5,2.5510204081632653,-0.35714285714285715,0.17671053840878462
half_anharmonicity_noecho_three_level_simulation,2.5,2.5510204081632653,-0.33673469387755106,0.16806305044307493
half_anharmonicity_noecho_three_level_total_simulation,2.5,2.5510204081632653,-0.33673469387755106,0.1680763245596676
half_anharmonicity_noecho_three_level_simulation,2.5,2.5510204081632653,-0.3163265306122449,0.16576028444068186
half_anharmonicity_noecho_three_level_total_simulation,2.5,2.5510204081632653,-0.3163265306122449,0.16577383495798664
half_anharmonicity_noecho_three_level_simulation,2.5,2.5510204081632653,-0.29591836734693877,0.1640997228614119
half_anharmonicity_noecho_three_level_total_simulation,2.5,2.5510204081632653,-0.29591836734693877,0.16411346346924602
half_anharmonicity_noecho_three_level_simulation,2.5,2.5510204081632653,-0.2755102040816327,0.15515558481913833
half_anharmonicity_noecho_three_level_total_simulation,2.5,2.5510204081632653,-0.2755102040816327,0.1551694787617266
half_anharmonicity_noecho_three_level_simulation,2.5,2.5510204081632653,-0.25510204081632654,0.14012141066827774
half_anharmonicity_noecho_three_level_total_simulation,2.5,2.5510204081632653,-0.25510204081632654,0.14013553470356122
half_anharmonicity_noecho_three_level_simulation,2.5,2.5510204081632653,-0.23469387755102045,0.1280726675802408
half_anharmonicity_noecho_three_level_total_simulation,2.5,2.5510204081632653,-0.23469387755102045,0.1280871203396632
half_anharmonicity_noecho_three_level_simulation,2.5,2.5510204081632653,-0.2142857142857143,0.1238530151684767
half_anharmonicity_noecho_three_level_total_simulation,2.5,2.5510204081632653,-0.2142857142857143,0.123867780960483
half_anharmonicity_noecho_three_level_simulation,2.5,2.5510204081632653,-0.1938775510204082,0.12262183591844338
half_anharmonicity_noecho_three_level_total_simulation,2.5,2.5510204081632653,-0.1938775510204082,0.12263678951543634
half_anharmonicity_noecho_three_level_simulation,2.5,2.5510204081632653,-0.17346938775510207,0.11618113506030105
half_anharmonicity_noecho_three_level_total_simulation,2.5,2.5510204081632653,-0.17346938775510207,0.11619619766055767
half_anharmonicity_noecho_three_level_simulation,2.5,2.5510204081632653,-0.15306122448979592,0.10615068003156275
half_anharmonicity_noecho_three_level_total_simulation,2.5,2.5510204081632653,-0.15306122448979592,0.10616592893617238
half_anharmonicity_noecho_three_level_simulation,2.5,2.5510204081632653,-0.13265306122448983,0.10279121450441137
half_anharmonicity_noecho_three_level_total_simulation,2.5,2.5510204081632653,-0.13265306122448983,0.10280678602318614
half_anharmonicity_noecho_three_level_simulation,2.5,2.5510204081632653,-0.11224489795918369,0.11068719827838705
half_anharmonicity_noecho_three_level_total_simulation,2.5,2.5510204081632653,-0.11224489795918369,0.1107030758705512
half_anharmonicity_noecho_three_level_simulation,2.5,2.5510204081632653,-0.0918367346938776,0.13062798934697636
half_anharmonicity_noecho_three_level_total_simulation,2.5,2.5510204081632653,-0.0918367346938776,0.1306439245630202
half_anharmonicity_noecho_three_level_simulation,2.5,2.5510204081632653,-0.07142857142857145,0.16883943044901106
half_anharmonicity_noecho_three_level_total_simulation,2.5,2.5510204081632653,-0.07142857142857145,0.16885510326304007
half_anharmonicity_noecho_three_level_simulation,2.5,2.5510204081632653,-0.05102040816326536,0.24578299898987613
half_anharmonicity_noecho_three_level_total_simulation,2.5,2.5510204081632653,-0.05102040816326536,0.24579825810783323
half_anharmonicity_noecho_three_level_simulation,2.5,2.5510204081632653,-0.030612244897959218,0.37692233870757286
half_anharmonicity_noecho_three_level_total_simulation,2.5,2.5510204081632653,-0.030612244897959218,0.3769372892509152
half_anharmonicity_noecho_three_level_simulation,2.5,2.5510204081632653,-0.010204081632653073,0.5007439279326138
half_anharmonicity_noecho_three_level_total_simulation,2.5,2.5510204081632653,-0.010204081632653073,0.5007588224731959
half_anharmonicity_noecho_three_level_simulation,2.5,2.5510204081632653,0.010204081632653073,0.5054690524348593
half_anharmonicity_noecho_three_level_total_simulation,2.5,2.5510204081632653,0.010204081632653073,0.5054841438829886
half_anharmonicity_noecho_three_level_simulation,2.5,2.5510204081632653,0.030612244897959107,0.3867754346342148
half_anharmonicity_noecho_three_level_total_simulation,2.5,2.5510204081632653,0.030612244897959107,0.38679092009884364
half_anharmonicity_noecho_three_level_simulation,2.5,2.5510204081632653,0.05102040816326525,0.25375245369930516
half_anharmonicity_noecho_three_level_total_simulation,2.5,2.5510204081632653,0.05102040816326525,0.25376846030385974
half_anharmonicity_noecho_three_level_simulation,2.5,2.5510204081632653,0.0714285714285714,0.1727009787056592
half_anharmonicity_noecho_three_level_total_simulation,2.5,2.5510204081632653,0.0714285714285714,0.17271750139194592
half_anharmonicity_noecho_three_level_simulation,2.5,2.5510204081632653,0.09183673469387754,0.13187655654302294
half_anharmonicity_noecho_three_level_total_simulation,2.5,2.5510204081632653,0.09183673469387754,0.13189339942014322
half_anharmonicity_noecho_three_level_simulation,2.5,2.5510204081632653,0.11224489795918358,0.11049285355447126
half_anharmonicity_noecho_three_level_total_simulation,2.5,2.5510204081632653,0.11224489795918358,0.11050970060760656
half_anharmonicity_noecho_three_level_simulation,2.5,2.5510204081632653,0.13265306122448972,0.10065776730843692
half_anharmonicity_noecho_three_level_total_simulation,2.5,2.5510204081632653,0.13265306122448972,0.10067437544995411
half_anharmonicity_noecho_three_level_simulation,2.5,2.5510204081632653,0.15306122448979587,0.10107797675963706
half_anharmonicity_noecho_three_level_total_simulation,2.5,2.5510204081632653,0.15306122448979587,0.10109431392130905
half_anharmonicity_noecho_three_level_simulation,2.5,2.5510204081632653,0.173469387755102,0.10825663075931809
half_anharmonicity_noecho_three_level_total_simulation,2.5,2.5510204081632653,0.173469387755102,0.1082728123269698
half_anharmonicity_noecho_three_level_simulation,2.5,2.5510204081632653,0.19387755102040816,0.11292207212384808
half_anharmonicity_noecho_three_level_total_simulation,2.5,2.5510204081632653,0.19387755102040816,0.11293817017059216
half_anharmonicity_noecho_three_level_simulation,2.5,2.5510204081632653,0.2142857142857142,0.11317609013590785
half_anharmonicity_noecho_three_level_total_simulation,2.5,2.5510204081632653,0.2142857142857142,0.11319203410505503
half_anharmonicity_noecho_three_level_simulation,2.5,2.5510204081632653,0.23469387755102034,0.1163093034948051
half_anharmonicity_noecho_three_level_total_simulation,2.5,2.5510204081632653,0.23469387755102034,0.11632497186202968
half_anharmonicity_noecho_three_level_simulation,2.5,2.5510204081632653,0.2551020408163265,0.12677280417393763
half_anharmonicity_noecho_three_level_total_simulation,2.5,2.5510204081632653,0.2551020408163265,0.12678817281255328
half_anharmonicity_noecho_three_level_simulation,2.5,2.5510204081632653,0.2755102040816326,0.14020368314447723
half_anharmonicity_noecho_three_level_total_simulation,2.5,2.5510204081632653,0.2755102040816326,0.14021884070657145
half_anharmonicity_noecho_three_level_simulation,2.5,2.5510204081632653,0.29591836734693866,0.1481021098604527
half_anharmonicity_noecho_three_level_total_simulation,2.5,2.5510204081632653,0.29591836734693866,0.14811713298046006
half_anharmonicity_noecho_three_level_simulation,2.5,2.5510204081632653,0.3163265306122448,0.14922465181234146
half_anharmonicity_noecho_three_level_total_simulation,2.5,2.5510204081632653,0.3163265306122448,0.1492395101212057
half_anharmonicity_noecho_three_level_simulation,2.5,2.5510204081632653,0.33673469387755095,0.15099594952890313
half_anharmonicity_noecho_three_level_total_simulation,2.5,2.5510204081632653,0.33673469387755095,0.1510105581130331
half_anharmonicity_noecho_three_level_simulation,2.5,2.5510204081632653,0.3571428571428571,0.1587972246046225
half_anharmonicity_noecho_three_level_total_simulation,2.5,2.5510204081632653,0.3571428571428571,0.1588115628265806
half_anharmonicity_noecho_three_level_simulation,2.5,2.5510204081632653,0.37755102040816324,0.16940265014636946
half_anharmonicity_noecho_three_level_total_simulation,2.5,2.5510204081632653,0.37755102040816324,0.1694167869499047
half_anharmonicity_noecho_three_level_simulation,2.5,2.5510204081632653,0.3979591836734693,0.17537770263990396
half_anharmonicity_noecho_three_level_total_simulation,2.5,2.5510204081632653,0.3979591836734693,0.17539170291765707
half_anharmonicity_noecho_three_level_simulation,2.5,2.5510204081632653,0.4183673469387754,0.17510397143980014
half_anharmonicity_noecho_three_level_total_simulation,2.5,2.5510204081632653,0.4183673469387754,0.1751178156338274
half_anharmonicity_noecho_three_level_simulation,2.5,2.5510204081632653,0.43877551020408156,0.1747391485599528
half_anharmonicity_noecho_three_level_total_simulation,2.5,2.5510204081632653,0.43877551020408156,0.17475277026956493
half_anharmonicity_noecho_three_level_simulation,2.5,2.5510204081632653,0.4591836734693877,0.17942940506744387
half_anharmonicity_noecho_three_level_total_simulation,2.5,2.5510204081632653,0.4591836734693877,0.17944278790988205
half_anharmonicity_noecho_three_level_simulation,2.5,2.5510204081632653,0.47959183673469385,0.18686760259377486
half_anharmonicity_noecho_three_level_total_simulation,2.5,2.5510204081632653,0.47959183673469385,0.18688080330556545
half_anharmonicity_noecho_three_level_simulation,2.5,2.5510204081632653,0.5,0.19068533267801063
half_anharmonicity_noecho_three_level_total_simulation,2.5,2.5510204081632653,0.5,0.1906984048769946
half_anharmonicity_echo_three_level_simulation,2.5,2.5510204081632653,-0.5,0.47855677849405076
half_anharmonicity_echo_three_level_total_simulation,2.5,2.5510204081632653,-0.5,0.47991703464487834
half_anharmonicity_echo_three_level_simulation,2.5,2.5510204081632653,-0.47959183673469385,0.48132897628236526
half_anharmonicity_echo_three_level_total_simulation,2.5,2.5510204081632653,-0.47959183673469385,0.48270894392466884
half_anharmonicity_echo_three_level_simulation,2.5,2.5510204081632653,-0.45918367346938777,0.4861725832987113
half_anharmonicity_echo_three_level_total_simulation,2.5,2.5510204081632653,-0.45918367346938777,0.487579014960203
half_anharmonicity_echo_three_level_simulation,2.5,2.5510204081632653,-0.4387755102040816,0.4857912844724219
half_anharmonicity_echo_three_level_total_simulation,2.5,2.5510204081632653,-0.4387755102040816,0.48722993310805834
half_anharmonicity_echo_three_level_simulation,2.5,2.5510204081632653,-0.41836734693877553,0.4799252262022651
half_anharmonicity_echo_three_level_total_simulation,2.5,2.5510204081632653,-0.41836734693877553,0.4813935755721289
half_anharmonicity_echo_three_level_simulation,2.5,2.5510204081632653,-0.3979591836734694,0.4763690777903531
half_anharmonicity_echo_three_level_total_simulation,2.5,2.5510204081632653,-0.3979591836734694,0.47785999118309164
half_anharmonicity_echo_three_level_simulation,2.5,2.5510204081632653,-0.37755102040816324,0.4798991014894535
half_anharmonicity_echo_three_level_total_simulation,2.5,2.5510204081632653,-0.37755102040816324,0.4814113694504786
half_anharmonicity_echo_three_level_simulation,2.5,2.5510204081632653,-0.35714285714285715,0.48479109094352757
half_anharmonicity_echo_three_level_total_simulation,2.5,2.5510204081632653,-0.35714285714285715,0.4863330237816546
half_anharmonicity_echo_three_level_simulation,2.5,2.5510204081632653,-0.33673469387755106,0.48224676465958777
half_anharmonicity_echo_three_level_total_simulation,2.5,2.5510204081632653,-0.33673469387755106,0.4838266417836825
half_anharmonicity_echo_three_level_simulation,2.5,2.5510204081632653,-0.3163265306122449,0.4735355663584037
half_anharmonicity_echo_three_level_total_simulation,2.5,2.5510204081632653,-0.3163265306122449,0.4751508038122773
half_anharmonicity_echo_three_level_simulation,2.5,2.5510204081632653,-0.29591836734693877,0.46919512383234063
half_anharmonicity_echo_three_level_total_simulation,2.5,2.5510204081632653,-0.29591836734693877,0.4708352850128106
half_anharmonicity_echo_three_level_simulation,2.5,2.5510204081632653,-0.2755102040816327,0.47397485778726817
half_anharmonicity_echo_three_level_total_simulation,2.5,2.5510204081632653,-0.2755102040816327,0.47563610340581325
half_anharmonicity_echo_three_level_simulation,2.5,2.5510204081632653,-0.25510204081632654,0.4787565876693877
half_anharmonicity_echo_three_level_total_simulation,2.5,2.5510204081632653,-0.25510204081632654,0.48044904052086546
half_anharmonicity_echo_three_level_simulation,2.5,2.5510204081632653,-0.23469387755102045,0.4723284428424591
half_anharmonicity_echo_three_level_total_simulation,2.5,2.5510204081632653,-0.23469387755102045,0.4740645577707067
half_anharmonicity_echo_three_level_simulation,2.5,2.5510204081632653,-0.2142857142857143,0.45871597576500367
half_anharmonicity_echo_three_level_total_simulation,2.5,2.5510204081632653,-0.2142857142857143,0.4604931933970436
half_anharmonicity_echo_three_level_simulation,2.5,2.5510204081632653,-0.1938775510204082,0.4532973922613384
half_anharmonicity_echo_three_level_total_simulation,2.5,2.5510204081632653,-0.1938775510204082,0.45509826529325087
half_anharmonicity_echo_three_level_simulation,2.5,2.5510204081632653,-0.17346938775510207,0.4605854103701296
half_anharmonicity_echo_three_level_total_simulation,2.5,2.5510204081632653,-0.17346938775510207,0.46239787376220376
half_anharmonicity_echo_three_level_simulation,2.5,2.5510204081632653,-0.15306122448979592,0.46450551729162215
half_anharmonicity_echo_three_level_total_simulation,2.5,2.5510204081632653,-0.15306122448979592,0.4663389171534522
half_anharmonicity_echo_three_level_simulation,2.5,2.5510204081632653,-0.13265306122448983,0.44862850410637295
half_anharmonicity_echo_three_level_total_simulation,2.5,2.5510204081632653,-0.13265306122448983,0.4505013703363631
half_anharmonicity_echo_three_level_simulation,2.5,2.5510204081632653,-0.11224489795918369,0.4235981060731062
half_anharmonicity_echo_three_level_total_simulation,2.5,2.5510204081632653,-0.11224489795918369,0.42550704338168577
half_anharmonicity_echo_three_level_simulation,2.5,2.5510204081632653,-0.0918367346938776,0.41689998406382833
half_anharmonicity_echo_three_level_total_simulation,2.5,2.5510204081632653,-0.0918367346938776,0.41880424398702887
half_anharmonicity_echo_three_level_simulation,2.5,2.5510204081632653,-0.07142857142857145,0.4311736705612908
half_anharmonicity_echo_three_level_total_simulation,2.5,2.5510204081632653,-0.07142857142857145,0.4330154824667181
half_anharmonicity_echo_three_level_simulation,2.5,2.5510204081632653,-0.05102040816326536,0.4220212595255848
half_anharmonicity_echo_three_level_total_simulation,2.5,2.5510204081632653,-0.05102040816326536,0.4237642632826264
half_anharmonicity_echo_three_level_simulation,2.5,2.5510204081632653,-0.030612244897959218,0.3447709815796604
half_anharmonicity_echo_three_level_total_simulation,2.5,2.5510204081632653,-0.030612244897959218,0.3464204782724122
half_anharmonicity_echo_three_level_simulation,2.5,2.5510204081632653,-0.010204081632653073,0.24891718493787335
half_anharmonicity_echo_three_level_total_simulation,2.5,2.5510204081632653,-0.010204081632653073,0.2505105103549405
half_anharmonicity_echo_three_level_simulation,2.5,2.5510204081632653,0.010204081632653073,0.24590606729413766
half_anharmonicity_echo_three_level_total_simulation,2.5,2.5510204081632653,0.010204081632653073,0.24749401573772772
half_anharmonicity_echo_three_level_simulation,2.5,2.5510204081632653,0.030612244897959107,0.34055050644865986
half_anharmonicity_echo_three_level_total_simulation,2.5,2.5510204081632653,0.030612244897959107,0.34218602520502656
half_anharmonicity_echo_three_level_simulation,2.5,2.5510204081632653,0.05102040816326525,0.4241488223674555
half_anharmonicity_echo_three_level_total_simulation,2.5,2.5510204081632653,0.05102040816326525,0.4258742102842153
half_anharmonicity_echo_three_level_simulation,2.5,2.5510204081632653,0.0714285714285714,0.44123479237413304
half_anharmonicity_echo_three_level_total_simulation,2.5,2.5510204081632653,0.0714285714285714,0.44305983702438323
half_anharmonicity_echo_three_level_simulation,2.5,2.5510204081632653,0.09183673469387754,0.4319614136812817
half_anharmonicity_echo_three_level_total_simulation,2.5,2.5510204081632653,0.09183673469387754,0.43385137216439457
half_anharmonicity_echo_three_level_simulation,2.5,2.5510204081632653,0.11224489795918358,0.44110200646992526
half_anharmonicity_echo_three_level_total_simulation,2.5,2.5510204081632653,0.11224489795918358,0.44299837185681573
half_anharmonicity_echo_three_level_simulation,2.5,2.5510204081632653,0.13265306122448972,0.4678587817116367
half_anharmonicity_echo_three_level_total_simulation,2.5,2.5510204081632653,0.13265306122448972,0.4697201370331618
half_anharmonicity_echo_three_level_simulation,2.5,2.5510204081632653,0.15306122448979587,0.48583994953769777
half_anharmonicity_echo_three_level_total_simulation,2.5,2.5510204081632653,0.15306122448979587,0.48766361137920067
half_anharmonicity_echo_three_level_simulation,2.5,2.5510204081632653,0.173469387755102,0.48417226847059064
half_anharmonicity_echo_three_level_total_simulation,2.5,2.5510204081632653,0.173469387755102,0.4859779216897725
half_anharmonicity_echo_three_level_simulation,2.5,2.5510204081632653,0.19387755102040816,0.47845328136008963
half_anharmonicity_echo_three_level_total_simulation,2.5,2.5510204081632653,0.19387755102040816,0.4802503801683893
half_anharmonicity_echo_three_level_simulation,2.5,2.5510204081632653,0.2142857142857142,0.48447697672733614
half_anharmonicity_echo_three_level_total_simulation,2.5,2.5510204081632653,0.2142857142857142,0.4862525260790987
half_anharmonicity_echo_three_level_simulation,2.5,2.5510204081632653,0.23469387755102034,0.49815519171555167
half_anharmonicity_echo_three_level_total_simulation,2.5,2.5510204081632653,0.23469387755102034,0.49989113508763217
half_anharmonicity_echo_three_level_simulation,2.5,2.5510204081632653,0.2551020408163265,0.5047810247251022
half_anharmonicity_echo_three_level_total_simulation,2.5,2.5510204081632653,0.2551020408163265,0.5064752576700755
half_anharmonicity_echo_three_level_simulation,2.5,2.5510204081632653,0.2755102040816326,0.50055648376247
half_anharmonicity_echo_three_level_total_simulation,2.5,2.5510204081632653,0.2755102040816326,0.5022222085974156
half_anharmonicity_echo_three_level_simulation,2.5,2.5510204081632653,0.29591836734693866,0.49627784665581026
half_anharmonicity_echo_three_level_total_simulation,2.5,2.5510204081632653,0.29591836734693866,0.497925129179583
half_anharmonicity_echo_three_level_simulation,2.5,2.5510204081632653,0.3163265306122448,0.5006046561018919
half_anharmonicity_echo_three_level_total_simulation,2.5,2.5510204081632653,0.3163265306122448,0.5022288660198868
half_anharmonicity_echo_three_level_simulation,2.5,2.5510204081632653,0.33673469387755095,0.5088388244863122
half_anharmonicity_echo_three_level_total_simulation,2.5,2.5510204081632653,0.33673469387755095,0.5104290635764497
half_anharmonicity_echo_three_level_simulation,2.5,2.5510204081632653,0.3571428571428571,0.510961891946432
half_anharmonicity_echo_three_level_total_simulation,2.5,2.5510204081632653,0.3571428571428571,0.5125159618078998
half_anharmonicity_echo_three_level_simulation,2.5,2.5510204081632653,0.37755102040816324,0.506042178533654
half_anharmonicity_echo_three_level_total_simulation,2.5,2.5510204081632653,0.37755102040816324,0.5075689228993061
half_anharmonicity_echo_three_level_simulation,2.5,2.5510204081632653,0.3979591836734693,0.5026080041080168
half_anharmonicity_echo_three_level_total_simulation,2.5,2.5510204081632653,0.3979591836734693,0.5041156226665432
half_anharmonicity_echo_three_level_simulation,2.5,2.5510204081632653,0.4183673469387754,0.5059061401455572
half_anharmonicity_echo_three_level_total_simulation,2.5,2.5510204081632653,0.4183673469387754,0.5073927609617762
half_anharmonicity_echo_three_level_simulation,2.5,2.5510204081632653,0.43877551020408156,0.5111027112398292
half_anharmonicity_echo_three_level_total_simulation,2.5,2.5510204081632653,0.43877551020408156,0.5125608576866699
half_anharmonicity_echo_three_level_simulation,2.5,2.5510204081632653,0.4591836734693877,0.510851063830285
half_anharmonicity_echo_three_level_total_simulation,2.5,2.5510204081632653,0.4591836734693877,0.5122785643352039
half_anharmonicity_echo_three_level_simulation,2.5,2.5510204081632653,0.47959183673469385,0.505760807426637
half_anharmonicity_echo_three_level_total_simulation,2.5,2.5510204081632653,0.47959183673469385,0.5071638537038035
half_anharmonicity_echo_three_level_simulation,2.5,2.5510204081632653,0.5,0.5029123288615276
half_anharmonicity_echo_three_level_total_simulation,2.5,2.5510204081632653,0.5,0.5042975356576009
half_anharmonicity_noecho_three_level_simulation,10.0,10.204081632653061,-0.5,0.12731857367858704
half_anharmonicity_noecho_three_level_total_simulation,10.0,10.204081632653061,-0.5,0.1274725848660204
half_anharmonicity_noecho_three_level_simulation,10.0,10.204081632653061,-0.47959183673469385,0.13100552478262398
half_anharmonicity_noecho_three_level_total_simulation,10.0,10.204081632653061,-0.47959183673469385,0.1311607577266887
half_anharmonicity_noecho_three_level_simulation,10.0,10.204081632653061,-0.45918367346938777,0.1358963037221166
half_anharmonicity_noecho_three_level_total_simulation,10.0,10.204081632653061,-0.45918367346938777,0.1360527328781585
half_anharmonicity_noecho_three_level_simulation,10.0,10.204081632653061,-0.4387755102040816,0.14071963883048164
half_anharmonicity_noecho_three_level_total_simulation,10.0,10.204081632653061,-0.4387755102040816,0.14087728229455568
half_anharmonicity_noecho_three_level_simulation,10.0,10.204081632653061,-0.41836734693877553,0.14580863952203357
half_anharmonicity_noecho_three_level_total_simulation,10.0,10.204081632653061,-0.41836734693877553,0.14596757433969518
half_anharmonicity_noecho_three_level_simulation,10.0,10.204081632653061,-0.3979591836734694,0.1525912642916843
half_anharmonicity_noecho_three_level_total_simulation,10.0,10.204081632653061,-0.3979591836734694,0.1527515758788287
half_anharmonicity_noecho_three_level_simulation,10.0,10.204081632653061,-0.37755102040816324,0.1583445652100442
half_anharmonicity_noecho_three_level_total_simulation,10.0,10.204081632653061,-0.37755102040816324,0.15850629503475716
half_anharmonicity_noecho_three_level_simulation,10.0,10.204081632653061,-0.35714285714285715,0.16489093937654664
half_anharmonicity_noecho_three_level_total_simulation,10.0,10.204081632653061,-0.35714285714285715,0.16505409288251977
half_anharmonicity_noecho_three_level_simulation,10.0,10.204081632653061,-0.33673469387755106,0.17324951292066845
half_anharmonicity_noecho_three_level_total_simulation,10.0,10.204081632653061,-0.33673469387755106,0.17341410500651305
half_anharmonicity_noecho_three_level_simulation,10.0,10.204081632653061,-0.3163265306122449,0.18013386219026659
half_anharmonicity_noecho_three_level_total_simulation,10.0,10.204081632653061,-0.3163265306122449,0.1802999500816737
half_anharmonicity_noecho_three_level_simulation,10.0,10.204081632653061,-0.29591836734693877,0.18896351852384147
half_anharmonicity_noecho_three_level_total_simulation,10.0,10.204081632653061,-0.29591836734693877,0.18913120323295146
half_anharmonicity_noecho_three_level_simulation,10.0,10.204081632653061,-0.2755102040816327,0.19978936570607758
half_anharmonicity_noecho_three_level_total_simulation,10.0,10.204081632653061,-0.2755102040816327,0.19995876396452486
half_anharmonicity_noecho_three_level_simulation,10.0,10.204081632653061,-0.25510204081632654,0.20909144806913907
half_anharmonicity_noecho_three_level_total_simulation,10.0,10.204081632653061,-0.25510204081632654,0.2092626601765148
half_anharmonicity_noecho_three_level_simulation,10.0,10.204081632653061,-0.23469387755102045,0.22260246305080078
half_anharmonicity_noecho_three_level_total_simulation,10.0,10.204081632653061,-0.23469387755102045,0.2227755555403661
half_anharmonicity_noecho_three_level_simulation,10.0,10.204081632653061,-0.2142857142857143,0.23855115819940656
half_anharmonicity_noecho_three_level_total_simulation,10.0,10.204081632653061,-0.2142857142857143,0.23872616990696166
half_anharmonicity_noecho_three_level_simulation,10.0,10.204081632653061,-0.1938775510204082,0.25005978701840714
half_anharmonicity_noecho_three_level_total_simulation,10.0,10.204081632653061,-0.1938775510204082,0.2502367892267628
half_anharmonicity_noecho_three_level_simulation,10.0,10.204081632653061,-0.17346938775510207,0.266214636918033
half_anharmonicity_noecho_three_level_total_simulation,10.0,10.204081632653061,-0.17346938775510207,0.26639381982888843
half_anharmonicity_noecho_three_level_simulation,10.0,10.204081632653061,-0.15306122448979592,0.28897805506110935
half_anharmonicity_noecho_three_level_total_simulation,10.0,10.204081632653061,-0.15306122448979592,0.28915973129981415
half_anharmonicity_noecho_three_level_simulation,10.0,10.204081632653061,-0.13265306122448983,0.30613243322592815
half_anharmonicity_noecho_three_level_total_simulation,10.0,10.204081632653061,-0.13265306122448983,0.3063169264190483
half_anharmonicity_noecho_three_level_simulation,10.0,10.204081632653061,-0.11224489795918369,0.32657237111733345
half_anharmonicity_noecho_three_level_total_simulation,10.0,10.204081632653061,-0.11224489795918369,0.3267598932014315
half_anharmonicity_noecho_three_level_simulation,10.0,10.204081632653061,-0.0918367346938776,0.36560543235572474
half_anharmonicity_noecho_three_level_total_simulation,10.0,10.204081632653061,-0.0918367346938776,0.3657960807393895
half_anharmonicity_noecho_three_level_simulation,10.0,10.204081632653061,-0.07142857142857145,0.4048861321778604
half_anharmonicity_noecho_three_level_total_simulation,10.0,10.204081632653061,-0.07142857142857145,0.4050800529243936
half_anharmonicity_noecho_three_level_simulation,10.0,10.204081632653061,-0.05102040816326536,0.4173421278882408
half_anharmonicity_noecho_three_level_total_simulation,10.0,10.204081632653061,-0.05102040816326536,0.4175397150672662
half_anharmonicity_noecho_three_level_simulation,10.0,10.204081632653061,-0.030612244897959218,0.4073622868026901
half_anharmonicity_noecho_three_level_total_simulation,10.0,10.204081632653061,-0.030612244897959218,0.407564169279413
half_anharmonicity_noecho_three_level_simulation,10.0,10.204081632653061,-0.010204081632653073,0.39662156261273523
half_anharmonicity_noecho_three_level_total_simulation,10.0,10.204081632653061,-0.010204081632653073,0.3968282918943394
half_anharmonicity_noecho_three_level_simulation,10.0,10.204081632653061,0.010204081632653073,0.3968682580709055
half_anharmonicity_noecho_three_level_total_simulation,10.0,10.204081632653061,0.010204081632653073,0.39707993257093827
half_anharmonicity_noecho_three_level_simulation,10.0,10.204081632653061,0.030612244897959107,0.4080209334627942
half_anharmonicity_noecho_three_level_total_simulation,10.0,10.204081632653061,0.030612244897959107,0.4082370811642653
half_anharmonicity_noecho_three_level_simulation,10.0,10.204081632653061,0.05102040816326525,0.417824564892957
half_anharmonicity_noecho_three_level_total_simulation,10.0,10.204081632653061,0.05102040816326525,0.41804435181525346
half_anharmonicity_noecho_three_level_simulation,10.0,10.204081632653061,0.0714285714285714,0.4043446149668374
half_anharmonicity_noecho_three_level_total_simulation,10.0,10.204081632653061,0.0714285714285714,0.4045671643616035
half_anharmonicity_noecho_three_level_simulation,10.0,10.204081632653061,0.09183673469387754,0.36452982223197367
half_anharmonicity_noecho_three_level_total_simulation,10.0,10.204081632653061,0.09183673469387754,0.3647544076555256
half_anharmonicity_noecho_three_level_simulation,10.0,10.204081632653061,0.11224489795918358,0.3267237488168759
half_anharmonicity_noecho_three_level_total_simulation,10.0,10.204081632653061,0.11224489795918358,0.3269498056650863
half_anharmonicity_noecho_three_level_simulation,10.0,10.204081632653061,0.13265306122448972,0.30773965671662173
half_anharmonicity_noecho_three_level_total_simulation,10.0,10.204081632653061,0.13265306122448972,0.30796671843240886
half_anharmonicity_noecho_three_level_simulation,10.0,10.204081632653061,0.15306122448979587,0.2904010511427045
half_anharmonicity_noecho_three_level_total_simulation,10.0,10.204081632653061,0.15306122448979587,0.29062874117807025
half_anharmonicity_noecho_three_level_simulation,10.0,10.204081632653061,0.173469387755102,0.26682000684416085
half_anharmonicity_noecho_three_level_total_simulation,10.0,10.204081632653061,0.173469387755102,0.2670480993381809
half_anharmonicity_noecho_three_level_simulation,10.0,10.204081632653061,0.19387755102040816,0.25015873388988313
half_anharmonicity_noecho_three_level_total_simulation,10.0,10.204081632653061,0.19387755102040816,0.2503871576945856
half_anharmonicity_noecho_three_level_simulation,10.0,10.204081632653061,0.2142857142857142,0.23798061343159585
half_anharmonicity_noecho_three_level_total_simulation,10.0,10.204081632653061,0.2142857142857142,0.2382093331381596
half_anharmonicity_noecho_three_level_simulation,10.0,10.204081632653061,0.23469387755102034,0.22208138190204907
half_anharmonicity_noecho_three_level_total_simulation,10.0,10.204081632653061,0.23469387755102034,0.222310279274451
half_anharmonicity_noecho_three_level_simulation,10.0,10.204081632653061,0.2551020408163265,0.20960572575702194
half_anharmonicity_noecho_three_level_total_simulation,10.0,10.204081632653061,0.2551020408163265,0.20983460991988476
half_anharmonicity_noecho_three_level_simulation,10.0,10.204081632653061,0.2755102040816326,0.20060686763590505
half_anharmonicity_noecho_three_level_total_simulation,10.0,10.204081632653061,0.2755102040816326,0.20083557847594505
half_anharmonicity_noecho_three_level_simulation,10.0,10.204081632653061,0.29591836734693866,0.18933865630283103
half_anharmonicity_noecho_three_level_total_simulation,10.0,10.204081632653061,0.29591836734693866,0.1895671447175823
half_anharmonicity_noecho_three_level_simulation,10.0,10.204081632653061,0.3163265306122448,0.1801586746031089
half_anharmonicity_noecho_three_level_total_simulation,10.0,10.204081632653061,0.3163265306122448,0.18038697781739868
half_anharmonicity_noecho_three_level_simulation,10.0,10.204081632653061,0.33673469387755095,0.1728975846907233
half_anharmonicity_noecho_three_level_total_simulation,10.0,10.204081632653061,0.33673469387755095,0.17312572118292965
half_anharmonicity_noecho_three_level_simulation,10.0,10.204081632653061,0.3571428571428571,0.1647960307352851
half_anharmonicity_noecho_three_level_total_simulation,10.0,10.204081632653061,0.3571428571428571,0.1650239380816678
half_anharmonicity_noecho_three_level_simulation,10.0,10.204081632653061,0.37755102040816324,0.1589370469357854
half_anharmonicity_noecho_three_level_total_simulation,10.0,10.204081632653061,0.37755102040816324,0.15916462455033953
half_anharmonicity_noecho_three_level_simulation,10.0,10.204081632653061,0.3979591836734693,0.15312839595062616
half_anharmonicity_noecho_three_level_total_simulation,10.0,10.204081632653061,0.3979591836734693,0.15335558489638382
half_anharmonicity_noecho_three_level_simulation,10.0,10.204081632653061,0.4183673469387754,0.14597219828441513
half_anharmonicity_noecho_three_level_total_simulation,10.0,10.204081632653061,0.4183673469387754,0.14619901143863642
half_anharmonicity_noecho_three_level_simulation,10.0,10.204081632653061,0.43877551020408156,0.14058473655554293
half_anharmonicity_noecho_three_level_total_simulation,10.0,10.204081632653061,0.43877551020408156,0.1408112131453812
half_anharmonicity_noecho_three_level_simulation,10.0,10.204081632653061,0.4591836734693877,0.13565573465324732
half_anharmonicity_noecho_three_level_total_simulation,10.0,10.204081632653061,0.4591836734693877,0.13588187344409375
half_anharmonicity_noecho_three_level_simulation,10.0,10.204081632653061,0.47959183673469385,0.1312757570694313
half_anharmonicity_noecho_three_level_total_simulation,10.0,10.204081632653061,0.47959183673469385,0.13150150717048686
half_anharmonicity_noecho_three_level_simulation,10.0,10.204081632653061,0.5,0.12787831054893672
half_anharmonicity_noecho_three_level_total_simulation,10.0,10.204081632653061,0.5,0.12810361982125743
half_anharmonicity_echo_three_level_simulation,10.0,10.204081632653061,-0.5,0.5864360509461553
half_anharmonicity_echo_three_level_total_simulation,10.0,10.204081632653061,-0.5,0.6063825737557255
half_anharmonicity_echo_three_level_simulation,10.0,10.204081632653061,-0.47959183673469385,0.5826387485178554
half_anharmonicity_echo_three_level_total_simulation,10.0,10.204081632653061,-0.47959183673469385,0.6028595410412078
half_anharmonicity_echo_three_level_simulation,10.0,10.204081632653061,-0.45918367346938777,0.5808327927473284
half_anharmonicity_echo_three_level_total_simulation,10.0,10.204081632653061,-0.45918367346938777,0.6008315659811867
half_anharmonicity_echo_three_level_simulation,10.0,10.204081632653061,-0.4387755102040816,0.5797361229128627
half_anharmonicity_echo_three_level_total_simulation,10.0,10.204081632653061,-0.4387755102040816,0.599239115848178
half_anharmonicity_echo_three_level_simulation,10.0,10.204081632653061,-0.41836734693877553,0.57696101437039
half_anharmonicity_echo_three_level_total_simulation,10.0,10.204081632653061,-0.41836734693877553,0.5962643306922206
half_anharmonicity_echo_three_level_simulation,10.0,10.204081632653061,-0.3979591836734694,0.5717466196875179
half_anharmonicity_echo_three_level_total_simulation,10.0,10.204081632653061,-0.3979591836734694,0.5914222869075083
half_anharmonicity_echo_three_level_simulation,10.0,10.204081632653061,-0.37755102040816324,0.5658221838353579
half_anharmonicity_echo_three_level_total_simulation,10.0,10.204081632653061,-0.37755102040816324,0.5860661644499765
half_anharmonicity_echo_three_level_simulation,10.0,10.204081632653061,-0.35714285714285715,0.5614544475936213
half_anharmonicity_echo_three_level_total_simulation,10.0,10.204081632653061,-0.35714285714285715,0.581812989039129
half_anharmonicity_echo_three_level_simulation,10.0,10.204081632653061,-0.33673469387755106,0.5590310669919297
half_anharmonicity_echo_three_level_total_simulation,10.0,10.204081632653061,-0.33673469387755106,0.578853722739518
half_anharmonicity_echo_three_level_simulation,10.0,10.204081632653061,-0.3163265306122449,0.5566116024500025
half_anharmonicity_echo_three_level_total_simulation,10.0,10.204081632653061,-0.3163265306122449,0.5758017283369875
half_anharmonicity_echo_three_level_simulation,10.0,10.204081632653061,-0.29591836734693877,0.5517077462642606
half_anharmonicity_echo_three_level_total_simulation,10.0,10.204081632653061,-0.29591836734693877,0.570922915060575
half_anharmonicity_echo_three_level_simulation,10.0,10.204081632653061,-0.2755102040816327,0.5436650025253741
half_anharmonicity_echo_three_level_total_simulation,10.0,10.204081632653061,-0.2755102040816327,0.5636623340004298
half_anharmonicity_echo_three_level_simulation,10.0,10.204081632653061,-0.25510204081632654,0.5344770620267312
half_anharmonicity_echo_three_level_total_simulation,10.0,10.204081632653061,-0.25510204081632654,0.5552736102402764
half_anharmonicity_echo_three_level_simulation,10.0,10.204081632653061,-0.23469387755102045,0.5272329756242568
half_anharmonicity_echo_three_level_total_simulation,10.0,10.204081632653061,-0.23469387755102045,0.5479932914962071
half_anharmonicity_echo_three_level_simulation,10.0,10.204081632653061,-0.2142857142857143,0.523318571587541
half_anharmonicity_echo_three_level_total_simulation,10.0,10.204081632653061,-0.2142857142857143,0.5431712022582705
half_anharmonicity_echo_three_level_simulation,10.0,10.204081632653061,-0.1938775510204082,0.5204970476256622
half_anharmonicity_echo_three_level_total_simulation,10.0,10.204081632653061,-0.1938775510204082,0.5394599078127252
half_anharmonicity_echo_three_level_simulation,10.0,10.204081632653061,-0.17346938775510207,0.5139824615311102
half_anharmonicity_echo_three_level_total_simulation,10.0,10.204081632653061,-0.17346938775510207,0.5330355134345213
half_anharmonicity_echo_three_level_simulation,10.0,10.204081632653061,-0.15306122448979592,0.5009481136095928
half_anharmonicity_echo_three_level_total_simulation,10.0,10.204081632653061,-0.15306122448979592,0.5211988011980877
half_anharmonicity_echo_three_level_simulation,10.0,10.204081632653061,-0.13265306122448983,0.48464580839007987
half_anharmonicity_echo_three_level_total_simulation,10.0,10.204081632653061,-0.13265306122448983,0.5063476583516321
half_anharmonicity_echo_three_level_simulation,10.0,10.204081632653061,-0.11224489795918369,0.4723088678078907
half_anharmonicity_echo_three_level_total_simulation,10.0,10.204081632653061,-0.11224489795918369,0.4945570847500197
half_anharmonicity_echo_three_level_simulation,10.0,10.204081632653061,-0.0918367346938776,0.46733163271053474
half_anharmonicity_echo_three_level_total_simulation,10.0,10.204081632653061,-0.0918367346938776,0.48857687044158254
half_anharmonicity_echo_three_level_simulation,10.0,10.204081632653061,-0.07142857142857145,0.46362921093334325
half_anharmonicity_echo_three_level_total_simulation,10.0,10.204081632653061,-0.07142857142857145,0.48250699770234234
half_anharmonicity_echo_three_level_simulation,10.0,10.204081632653061,-0.05102040816326536,0.449524462536558
half_anharmonicity_echo_three_level_total_simulation,10.0,10.204081632653061,-0.05102040816326536,0.4654802204496282
half_anharmonicity_echo_three_level_simulation,10.0,10.204081632653061,-0.030612244897959218,0.4211486752038224
half_anharmonicity_echo_three_level_total_simulation,10.0,10.204081632653061,-0.030612244897959218,0.4345630094729336
half_anharmonicity_echo_three_level_simulation,10.0,10.204081632653061,-0.010204081632653073,0.3921593944472424
half_anharmonicity_echo_three_level_total_simulation,10.0,10.204081632653061,-0.010204081632653073,0.40404532742846944
half_anharmonicity_echo_three_level_simulation,10.0,10.204081632653061,0.010204081632653073,0.38319298902141047
half_anharmonicity_echo_three_level_total_simulation,10.0,10.204081632653061,0.010204081632653073,0.3948324643337169
half_anharmonicity_echo_three_level_simulation,10.0,10.204081632653061,0.030612244897959107,0.40017298666950335
half_anharmonicity_echo_three_level_total_simulation,10.0,10.204081632653061,0.030612244897959107,0.41287811619571047
half_anharmonicity_echo_three_level_simulation,10.0,10.204081632653061,0.05102040816326525,0.43031293552413574
half_anharmonicity_echo_three_level_total_simulation,10.0,10.204081632653061,0.05102040816326525,0.44517802666535133
half_anharmonicity_echo_three_level_simulation,10.0,10.204081632653061,0.0714285714285714,0.4586509386680375
half_anharmonicity_echo_three_level_total_simulation,10.0,10.204081632653061,0.0714285714285714,0.4761591219993145
half_anharmonicity_echo_three_level_simulation,10.0,10.204081632653061,0.09183673469387754,0.4796112327984791
half_anharmonicity_echo_three_level_total_simulation,10.0,10.204081632653061,0.09183673469387754,0.4992580725818247
half_anharmonicity_echo_three_level_simulation,10.0,10.204081632653061,0.11224489795918358,0.49310580567690515
half_anharmonicity_echo_three_level_total_simulation,10.0,10.204081632653061,0.11224489795918358,0.5134905978186515
half_anharmonicity_echo_three_level_simulation,10.0,10.204081632653061,0.13265306122448972,0.49886090984673714
half_anharmonicity_echo_three_level_total_simulation,10.0,10.204081632653061,0.13265306122448972,0.5184296082098596
half_anharmonicity_echo_three_level_simulation,10.0,10.204081632653061,0.15306122448979587,0.4983480752280111
half_anharmonicity_echo_three_level_total_simulation,10.0,10.204081632653061,0.15306122448979587,0.5162998383152779
half_anharmonicity_echo_three_level_simulation,10.0,10.204081632653061,0.173469387755102,0.49767777731820084
half_anharmonicity_echo_three_level_total_simulation,10.0,10.204081632653061,0.173469387755102,0.5143807244685854
half_anharmonicity_echo_three_level_simulation,10.0,10.204081632653061,0.19387755102040816,0.5039965560397371
half_anharmonicity_echo_three_level_total_simulation,10.0,10.204081632653061,0.19387755102040816,0.5205873239095543
half_anharmonicity_echo_three_level_simulation,10.0,10.204081632653061,0.2142857142857142,0.5183047378394171
half_anharmonicity_echo_three_level_total_simulation,10.0,10.204081632653061,0.2142857142857142,0.5357166563362521
half_anharmonicity_echo_three_level_simulation,10.0,10.204081632653061,0.23469387755102034,0.5330521164945479
half_anharmonicity_echo_three_level_total_simulation,10.0,10.204081632653061,0.23469387755102034,0.551268925063472
half_anharmonicity_echo_three_level_simulation,10.0,10.204081632653061,0.2551020408163265,0.5392285764790724
half_anharmonicity_echo_three_level_total_simulation,10.0,10.204081632653061,0.2551020408163265,0.5573951173754154
half_anharmonicity_echo_three_level_simulation,10.0,10.204081632653061,0.2755102040816326,0.5364261306814211
half_anharmonicity_echo_three_level_total_simulation,10.0,10.204081632653061,0.2755102040816326,0.5537228768850471
half_anharmonicity_echo_three_level_simulation,10.0,10.204081632653061,0.29591836734693866,0.5334237739198522
half_anharmonicity_echo_three_level_total_simulation,10.0,10.204081632653061,0.29591836734693866,0.549885291746468
half_anharmonicity_echo_three_level_simulation,10.0,10.204081632653061,0.3163265306122448,0.5384016735431931
half_anharmonicity_echo_three_level_total_simulation,10.0,10.204081632653061,0.3163265306122448,0.554827583823793
half_anharmonicity_echo_three_level_simulation,10.0,10.204081632653061,0.33673469387755095,0.5502764213284579
half_anharmonicity_echo_three_level_total_simulation,10.0,10.204081632653061,0.33673469387755095,0.56735799453048
half_anharmonicity_echo_three_level_simulation,10.0,10.204081632653061,0.3571428571428571,0.5602086346963394
half_anharmonicity_echo_three_level_total_simulation,10.0,10.204081632653061,0.3571428571428571,0.5778215906137496
half_anharmonicity_echo_three_level_simulation,10.0,10.204081632653061,0.37755102040816324,0.561667839385487
half_anharmonicity_echo_three_level_total_simulation,10.0,10.204081632653061,0.37755102040816324,0.579083178471598
half_anharmonicity_echo_three_level_simulation,10.0,10.204081632653061,0.3979591836734693,0.5577808929053505
half_anharmonicity_echo_three_level_total_simulation,10.0,10.204081632653061,0.3979591836734693,0.5745310341689022
half_anharmonicity_echo_three_level_simulation,10.0,10.204081632653061,0.4183673469387754,0.5572215809952995
half_anharmonicity_echo_three_level_total_simulation,10.0,10.204081632653061,0.4183673469387754,0.5735992478666758
half_anharmonicity_echo_three_level_simulation,10.0,10.204081632653061,0.43877551020408156,0.5640938555225478
half_anharmonicity_echo_three_level_total_simulation,10.0,10.204081632653061,0.43877551020408156,0.5807594194523971
half_anharmonicity_echo_three_level_simulation,10.0,10.204081632653061,0.4591836734693877,0.5736390525991173
half_anharmonicity_echo_three_level_total_simulation,10.0,10.204081632653061,0.4591836734693877,0.590849199218765
half_anharmonicity_echo_three_level_simulation,10.0,10.204081632653061,0.47959183673469385,0.578079331860459
half_anharmonicity_echo_three_level_total_simulation,10.0,10.204081632653061,0.47959183673469385,0.5954350317513071
half_anharmonicity_echo_three_level_simulation,10.0,10.204081632653061,0.5,0.5757962461422521
half_anharmonicity_echo_three_level_total_simulation,10.0,10.204081632653061,0.5,0.592766962725958
half_anharmonicity_noecho_three_level_simulation,25.0,25.0,-0.5,0.24525914276284358
half_anharmonicity_noecho_three_level_total_simulation,25.0,25.0,-0.5,0.24609259739330666
half_anharmonicity_noecho_three_level_simulation,25.0,25.0,-0.47959183673469385,0.24890410533867646
half_anharmonicity_noecho_three_level_total_simulation,25.0,25.0,-0.47959183673469385,0.2497451696244465
half_anharmonicity_noecho_three_level_simulation,25.0,25.0,-0.45918367346938777,0.2589221118140632
half_anharmonicity_noecho_three_level_total_simulation,25.0,25.0,-0.45918367346938777,0.2597711025363247
half_anharmonicity_noecho_three_level_simulation,25.0,25.0,-0.4387755102040816,0.2663295437332411
half_anharmonicity_noecho_three_level_total_simulation,25.0,25.0,-0.4387755102040816,0.26718677261449403
half_anharmonicity_noecho_three_level_simulation,25.0,25.0,-0.41836734693877553,0.2692927680547708
half_anharmonicity_noecho_three_level_total_simulation,25.0,25.0,-0.41836734693877553,0.2701585715251324
half_anharmonicity_noecho_three_level_simulation,25.0,25.0,-0.3979591836734694,0.2798424800516519
half_anharmonicity_noecho_three_level_total_simulation,25.0,25.0,-0.3979591836734694,0.28071725859893104
half_anharmonicity_noecho_three_level_simulation,25.0,25.0,-0.37755102040816324,0.2915275621446313
half_anharmonicity_noecho_three_level_total_simulation,25.0,25.0,-0.37755102040816324,0.2924117245984782
half_anharmonicity_noecho_three_level_simulation,25.0,25.0,-0.35714285714285715,0.2945092010311794
half_anharmonicity_noecho_three_level_total_simulation,25.0,25.0,-0.35714285714285715,0.29540316521161214
half_anharmonicity_noecho_three_level_simulation,25.0,25.0,-0.33673469387755106,0.30248588396949866
half_anharmonicity_noecho_three_level_total_simulation,25.0,25.0,-0.33673469387755106,0.30339014912862816
half_anharmonicity_noecho_three_level_simulation,25.0,25.0,-0.3163265306122449,0.31986272073880834
half_anharmonicity_noecho_three_level_total_simulation,25.0,25.0,-0.3163265306122449,0.3207778362318435
half_anharmonicity_noecho_three_level_simulation,25.0,25.0,-0.29591836734693877,0.32836169666067094
half_anharmonicity_noecho_three_level_total_simulation,25.0,25.0,-0.29591836734693877,0.32928820334831677
half_anharmonicity_noecho_three_level_simulation,25.0,25.0,-0.2755102040816327,0.329766075742569
half_anharmonicity_noecho_three_level_total_simulation,25.0,25.0,-0.2755102040816327,0.33070457949359056
half_anharmonicity_noecho_three_level_simulation,25.0,25.0,-0.25510204081632654,0.34539422994396657
half_anharmonicity_noecho_three_level_total_simulation,25.0,25.0,-0.25510204081632654,0.3463454577590987
half_anharmonicity_noecho_three_level_simulation,25.0,25.0,-0.23469387755102045,0.36927053866889487
half_anharmonicity_noecho_three_level_total_simulation,25.0,25.0,-0.23469387755102045,0.37023524857971785
half_anharmonicity_noecho_three_level_simulation,25.0,25.0,-0.2142857142857143,0.3767747789393597
half_anharmonicity_noecho_three_level_total_simulation,25.0,25.0,-0.2142857142857143,0.377753718608071
half_anharmonicity_noecho_three_level_simulation,25.0,25.0,-0.1938775510204082,0.3734108471086733
half_anharmonicity_noecho_three_level_total_simulation,25.0,25.0,-0.1938775510204082,0.3744048591522712
half_anharmonicity_noecho_three_level_simulation,25.0,25.0,-0.17346938775510207,0.38811564736277276
half_anharmonicity_noecho_three_level_total_simulation,25.0,25.0,-0.17346938775510207,0.38912572412044255
half_anharmonicity_noecho_three_level_simulation,25.0,25.0,-0.15306122448979592,0.42466627973420285
half_anharmonicity_noecho_three_level_total_simulation,25.0,25.0,-0.15306122448979592,0.4256934657970644
half_anharmonicity_noecho_three_level_simulation,25.0,25.0,-0.13265306122448983,0.454754363218963
half_anharmonicity_noecho_three_level_total_simulation,25.0,25.0,-0.13265306122448983,0.4557996538786988
half_anharmonicity_noecho_three_level_simulation,25.0,25.0,-0.11224489795918369,0.45675754088135573
half_anharmonicity_noecho_three_level_total_simulation,25.0,25.0,-0.11224489795918369,0.4578219015375238
half_anharmonicity_noecho_three_level_simulation,25.0,25.0,-0.0918367346938776,0.4386508335231264
half_anharmonicity_noecho_three_level_total_simulation,25.0,25.0,-0.0918367346938776,0.439735269502409
half_anharmonicity_noecho_three_level_simulation,25.0,25.0,-0.07142857142857145,0.4223768697127432
half_anharmonicity_noecho_three_level_total_simulation,25.0,25.0,-0.07142857142857145,0.4234824130456016
half_anharmonicity_noecho_three_level_simulation,25.0,25.0,-0.05102040816326536,0.4199624181907768
half_anharmonicity_noecho_three_level_total_simulation,25.0,25.0,-0.05102040816326536,0.42109001352166786
half_anharmonicity_noecho_three_level_simulation,25.0,25.0,-0.030612244897959218,0.4276378485137761
half_anharmonicity_noecho_three_level_total_simulation,25.0,25.0,-0.030612244897959218,0.4287882051296021
half_anharmonicity_noecho_three_level_simulation,25.0,25.0,-0.010204081632653073,0.4348068009298181
half_anharmonicity_noecho_three_level_total_simulation,25.0,25.0,-0.010204081632653073,0.435980264625259
half_anharmonicity_noecho_three_level_simulation,25.0,25.0,0.010204081632653073,0.43411610683118534
half_anharmonicity_noecho_three_level_total_simulation,25.0,25.0,0.010204081632653073,0.43531258544817436
half_anharmonicity_noecho_three_level_simulation,25.0,25.0,0.030612244897959107,0.4263310095282452
half_anharmonicity_noecho_three_level_total_simulation,25.0,25.0,0.030612244897959107,0.42754997700910596
half_anharmonicity_noecho_three_level_simulation,25.0,25.0,0.05102040816326525,0.42008834477761436
half_anharmonicity_noecho_three_level_total_simulation,25.0,25.0,0.05102040816326525,0.4213289229340238
half_anharmonicity_noecho_three_level_simulation,25.0,25.0,0.0714285714285714,0.4260532193029297
half_anharmonicity_noecho_three_level_total_simulation,25.0,25.0,0.0714285714285714,0.4273143004490926
half_anharmonicity_noecho_three_level_simulation,25.0,25.0,0.09183673469387754,0.44564462120883613
half_anharmonicity_noecho_three_level_total_simulation,25.0,25.0,0.09183673469387754,0.4469249678892441
half_anharmonicity_noecho_three_level_simulation,25.0,25.0,0.11224489795918358,0.4630180796520579
half_anharmonicity_noecho_three_level_total_simulation,25.0,25.0,0.11224489795918358,0.4643163638700031
half_anharmonicity_noecho_three_level_simulation,25.0,25.0,0.13265306122448972,0.45545321742036643
half_anharmonicity_noecho_three_level_total_simulation,25.0,25.0,0.13265306122448972,0.45676804238175733
half_anharmonicity_noecho_three_level_simulation,25.0,25.0,0.15306122448979587,0.42049590829261224
half_anharmonicity_noecho_three_level_total_simulation,25.0,25.0,0.15306122448979587,0.42182589241711244
half_anharmonicity_noecho_three_level_simulation,25.0,25.0,0.173469387755102,0.3860379175374641
half_anharmonicity_noecho_three_level_total_simulation,25.0,25.0,0.173469387755102,0.38738182190860665
half_anharmonicity_noecho_three_level_simulation,25.0,25.0,0.19387755102040816,0.3774305626309705
half_anharmonicity_noecho_three_level_total_simulation,25.0,25.0,0.19387755102040816,0.37878732350147204
half_anharmonicity_noecho_three_level_simulation,25.0,25.0,0.2142857142857142,0.38137825068519693
half_anharmonicity_noecho_three_level_total_simulation,25.0,25.0,0.2142857142857142,0.3827468712376955
half_anharmonicity_noecho_three_level_simulation,25.0,25.0,0.23469387755102034,0.36852879557445767
half_anharmonicity_noecho_three_level_total_simulation,25.0,25.0,0.23469387755102034,0.3699082738990639
half_anharmonicity_noecho_three_level_simulation,25.0,25.0,0.2551020408163265,0.3435541671878298
half_anharmonicity_noecho_three_level_total_simulation,25.0,25.0,0.2551020408163265,0.3449435873912184
half_anharmonicity_noecho_three_level_simulation,25.0,25.0,0.2755102040816326,0.33265422869129213
half_anharmonicity_noecho_three_level_total_simulation,25.0,25.0,0.2755102040816326,0.33405283914507977
half_anharmonicity_noecho_three_level_simulation,25.0,25.0,0.29591836734693866,0.33167461878886756
half_anharmonicity_noecho_three_level_total_simulation,25.0,25.0,0.29591836734693866,0.33308174058858
half_anharmonicity_noecho_three_level_simulation,25.0,25.0,0.3163265306122448,0.31894449720878915
half_anharmonicity_noecho_three_level_total_simulation,25.0,25.0,0.3163265306122448,0.32035944862786536
half_anharmonicity_noecho_three_level_simulation,25.0,25.0,0.33673469387755095,0.3024110150433447
half_anharmonicity_noecho_three_level_total_simulation,25.0,25.0,0.33673469387755095,0.3038331920320433
half_anharmonicity_noecho_three_level_simulation,25.0,25.0,0.3571428571428571,0.2977847323914537
half_anharmonicity_noecho_three_level_total_simulation,25.0,25.0,0.3571428571428571,0.2992136388100879
half_anharmonicity_noecho_three_level_simulation,25.0,25.0,0.37755102040816324,0.292553170298045
half_anharmonicity_noecho_three_level_total_simulation,25.0,25.0,0.37755102040816324,0.2939883243282849
half_anharmonicity_noecho_three_level_simulation,25.0,25.0,0.3979591836734693,0.2790064716351229
half_anharmonicity_noecho_three_level_total_simulation,25.0,25.0,0.3979591836734693,0.28044740734190704
half_anharmonicity_noecho_three_level_simulation,25.0,25.0,0.4183673469387754,0.2714217633462123
half_anharmonicity_noecho_three_level_total_simulation,25.0,25.0,0.4183673469387754,0.2728680995045858
half_anharmonicity_noecho_three_level_simulation,25.0,25.0,0.43877551020408156,0.2682311594874474
half_anharmonicity_noecho_three_level_total_simulation,25.0,25.0,0.43877551020408156,0.26968254969828503
half_anharmonicity_noecho_three_level_simulation,25.0,25.0,0.4591836734693877,0.2582836897686979
half_anharmonicity_noecho_three_level_total_simulation,25.0,25.0,0.4591836734693877,0.2597397810250828
half_anharmonicity_noecho_three_level_simulation,25.0,25.0,0.47959183673469385,0.25018633307851157
half_anharmonicity_noecho_three_level_total_simulation,25.0,25.0,0.47959183673469385,0.25164682515668446
half_anharmonicity_noecho_three_level_simulation,25.0,25.0,0.5,0.24730643172980227
half_anharmonicity_noecho_three_level_total_simulation,25.0,25.0,0.5,0.24877106370111843
half_anharmonicity_echo_three_level_simulation,25.0,25.0,-0.5,0.49590343222468175
half_anharmonicity_echo_three_level_total_simulation,25.0,25.0,-0.5,0.591264287750514
half_anharmonicity_echo_three_level_simulation,25.0,25.0,-0.47959183673469385,0.4967063871935851
half_anharmonicity_echo_three_level_total_simulation,25.0,25.0,-0.47959183673469385,0.5897045682182478
half_anharmonicity_echo_three_level_simulation,25.0,25.0,-0.45918367346938777,0.48966136631702634
half_anharmonicity_echo_three_level_total_simulation,25.0,25.0,-0.45918367346938777,0.5852661891961108
half_anharmonicity_echo_three_level_simulation,25.0,25.0,-0.4387755102040816,0.4787531441087967
half_anharmonicity_echo_three_level_total_simulation,25.0,25.0,-0.4387755102040816,0.5796773303655414
half_anharmonicity_echo_three_level_simulation,25.0,25.0,-0.41836734693877553,0.47112857630617727
half_anharmonicity_echo_three_level_total_simulation,25.0,25.0,-0.41836734693877553,0.5753328375465884
half_anharmonicity_echo_three_level_simulation,25.0,25.0,-0.3979591836734694,0.47048790846270927
half_anharmonicity_echo_three_level_total_simulation,25.0,25.0,-0.3979591836734694,0.5728803812492856
half_anharmonicity_echo_three_level_simulation,25.0,25.0,-0.37755102040816324,0.47512192569358086
half_anharmonicity_echo_three_level_total_simulation,25.0,25.0,-0.37755102040816324,0.5716819730770605
half_anharmonicity_echo_three_level_simulation,25.0,25.0,-0.35714285714285715,0.47926869673631284
half_anharmonicity_echo_three_level_total_simulation,25.0,25.0,-0.35714285714285715,0.570227772821812
half_anharmonicity_echo_three_level_simulation,25.0,25.0,-0.33673469387755106,0.476872740892407
half_anharmonicity_echo_three_level_total_simulation,25.0,25.0,-0.33673469387755106,0.5667452418506319
half_anharmonicity_echo_three_level_simulation,25.0,25.0,-0.3163265306122449,0.46707116989754244
half_anharmonicity_echo_three_level_total_simulation,25.0,25.0,-0.3163265306122449,0.561450015470018
half_anharmonicity_echo_three_level_simulation,25.0,25.0,-0.29591836734693877,0.4550977392813851
half_anharmonicity_echo_three_level_total_simulation,25.0,25.0,-0.29591836734693877,0.5565427940648033
half_anharmonicity_echo_three_level_simulation,25.0,25.0,-0.2755102040816327,0.4470138124998937
half_anharmonicity_echo_three_level_total_simulation,25.0,25.0,-0.2755102040816327,0.5529895428584757
half_anharmonicity_echo_three_level_simulation,25.0,25.0,-0.25510204081632654,0.4452445838383803
half_anharmonicity_echo_three_level_total_simulation,25.0,25.0,-0.25510204081632654,0.5496071801822124
half_anharmonicity_echo_three_level_simulation,25.0,25.0,-0.23469387755102045,0.4484521564022579
half_anharmonicity_echo_three_level_total_simulation,25.0,25.0,-0.23469387755102045,0.5454541959778529
half_anharmonicity_echo_three_level_simulation,25.0,25.0,-0.2142857142857143,0.45296400852291474
half_anharmonicity_echo_three_level_total_simulation,25.0,25.0,-0.2142857142857143,0.5406782819802393
half_anharmonicity_echo_three_level_simulation,25.0,25.0,-0.1938775510204082,0.4541989630993344
half_anharmonicity_echo_three_level_total_simulation,25.0,25.0,-0.1938775510204082,0.5352809311634432
half_anharmonicity_echo_three_level_simulation,25.0,25.0,-0.17346938775510207,0.4492164589002713
half_anharmonicity_echo_three_level_total_simulation,25.0,25.0,-0.17346938775510207,0.5293127343508627
half_anharmonicity_echo_three_level_simulation,25.0,25.0,-0.15306122448979592,0.4390834389230201
half_anharmonicity_echo_three_level_total_simulation,25.0,25.0,-0.15306122448979592,0.5241617854624266
half_anharmonicity_echo_three_level_simulation,25.0,25.0,-0.13265306122448983,0.42790105655358074
half_anharmonicity_echo_three_level_total_simulation,25.0,25.0,-0.13265306122448983,0.5218892912066038
half_anharmonicity_echo_three_level_simulation,25.0,25.0,-0.11224489795918369,0.4193208566603192
half_anharmonicity_echo_three_level_total_simulation,25.0,25.0,-0.11224489795918369,0.5230060167750448
half_anharmonicity_echo_three_level_simulation,25.0,25.0,-0.0918367346938776,0.41427542700794545
half_anharmonicity_echo_three_level_total_simulation,25.0,25.0,-0.0918367346938776,0.5257432061251038
half_anharmonicity_echo_three_level_simulation,25.0,25.0,-0.07142857142857145,0.4115607597010034
half_anharmonicity_echo_three_level_total_simulation,25.0,25.0,-0.07142857142857145,0.5277026515253762
half_anharmonicity_echo_three_level_simulation,25.0,25.0,-0.05102040816326536,0.41000243538478076
half_anharmonicity_echo_three_level_total_simulation,25.0,25.0,-0.05102040816326536,0.5279476511787533
half_anharmonicity_echo_three_level_simulation,25.0,25.0,-0.030612244897959218,0.40981587071714165
half_anharmonicity_echo_three_level_total_simulation,25.0,25.0,-0.030612244897959218,0.5276706504815989
half_anharmonicity_echo_three_level_simulation,25.0,25.0,-0.010204081632653073,0.4122518862944297
half_anharmonicity_echo_three_level_total_simulation,25.0,25.0,-0.010204081632653073,0.5292354833198047
half_anharmonicity_echo_three_level_simulation,25.0,25.0,0.010204081632653073,0.4183942052689057
half_anharmonicity_echo_three_level_total_simulation,25.0,25.0,0.010204081632653073,0.5344199388996264
half_anharmonicity_echo_three_level_simulation,25.0,25.0,0.030612244897959107,0.42785880569022927
half_anharmonicity_echo_three_level_total_simulation,25.0,25.0,0.030612244897959107,0.5428022273373944
half_anharmonicity_echo_three_level_simulation,25.0,25.0,0.05102040816326525,0.43811261852281547
half_anharmonicity_echo_three_level_total_simulation,25.0,25.0,0.05102040816326525,0.551080725201843
half_anharmonicity_echo_three_level_simulation,25.0,25.0,0.0714285714285714,0.44507474370599026
half_anharmonicity_echo_three_level_total_simulation,25.0,25.0,0.0714285714285714,0.5539121143956586
half_anharmonicity_echo_three_level_simulation,25.0,25.0,0.09183673469387754,0.4447754526651025
half_anharmonicity_echo_three_level_total_simulation,25.0,25.0,0.09183673469387754,0.5463657976176837
half_anharmonicity_echo_three_level_simulation,25.0,25.0,0.11224489795918358,0.4356951337448213
half_anharmonicity_echo_three_level_total_simulation,25.0,25.0,0.11224489795918358,0.5271054729079403
half_anharmonicity_echo_three_level_simulation,25.0,25.0,0.13265306122448972,0.4205382020432812
half_anharmonicity_echo_three_level_total_simulation,25.0,25.0,0.13265306122448972,0.5003957075619827
half_anharmonicity_echo_three_level_simulation,25.0,25.0,0.15306122448979587,0.4055259459022292
half_anharmonicity_echo_three_level_total_simulation,25.0,25.0,0.15306122448979587,0.4752924036888698
half_anharmonicity_echo_three_level_simulation,25.0,25.0,0.173469387755102,0.3978638110614345
half_anharmonicity_echo_three_level_total_simulation,25.0,25.0,0.173469387755102,0.46226390105226656
half_anharmonicity_echo_three_level_simulation,25.0,25.0,0.19387755102040816,0.40316401663804957
half_anharmonicity_echo_three_level_total_simulation,25.0,25.0,0.19387755102040816,0.46882032367588816
half_anharmonicity_echo_three_level_simulation,25.0,25.0,0.2142857142857142,0.4224858477842069
half_anharmonicity_echo_three_level_total_simulation,25.0,25.0,0.2142857142857142,0.49501742522559644
half_anharmonicity_echo_three_level_simulation,25.0,25.0,0.23469387755102034,0.4491219775459373
half_anharmonicity_echo_three_level_total_simulation,25.0,25.0,0.23469387755102034,0.5301762635778717
half_anharmonicity_echo_three_level_simulation,25.0,25.0,0.2551020408163265,0.4692643353639293
half_anharmonicity_echo_three_level_total_simulation,25.0,25.0,0.2551020408163265,0.5555429116161845
half_anharmonicity_echo_three_level_simulation,25.0,25.0,0.2755102040816326,0.47076197443602885
half_anharmonicity_echo_three_level_total_simulation,25.0,25.0,0.2755102040816326,0.5560105750338513
half_anharmonicity_echo_three_level_simulation,25.0,25.0,0.29591836734693866,0.45416261573897454
half_anharmonicity_echo_three_level_total_simulation,25.0,25.0,0.29591836734693866,0.5328805714290614
half_anharmonicity_echo_three_level_simulation,25.0,25.0,0.3163265306122448,0.43322286285292133
half_anharmonicity_echo_three_level_total_simulation,25.0,25.0,0.3163265306122448,0.5040997614296768
half_anharmonicity_echo_three_level_simulation,25.0,25.0,0.33673469387755095,0.42407991363447156
half_anharmonicity_echo_three_level_total_simulation,25.0,25.0,0.33673469387755095,0.4909422383688874
half_anharmonicity_echo_three_level_simulation,25.0,25.0,0.3571428571428571,0.43424837883457046
half_anharmonicity_echo_three_level_total_simulation,25.0,25.0,0.3571428571428571,0.5032743275370609
half_anharmonicity_echo_three_level_simulation,25.0,25.0,0.37755102040816324,0.45760646491982554
half_anharmonicity_echo_three_level_total_simulation,25.0,25.0,0.37755102040816324,0.5326659321982156
half_anharmonicity_echo_three_level_simulation,25.0,25.0,0.3979591836734693,0.4773363100936379
half_anharmonicity_echo_three_level_total_simulation,25.0,25.0,0.3979591836734693,0.5570292707712989
half_anharmonicity_echo_three_level_simulation,25.0,25.0,0.4183673469387754,0.47863875494572666
half_anharmonicity_echo_three_level_total_simulation,25.0,25.0,0.4183673469387754,0.5576272577823471
half_anharmonicity_echo_three_level_simulation,25.0,25.0,0.43877551020408156,0.46256001513163303
half_anharmonicity_echo_three_level_total_simulation,25.0,25.0,0.43877551020408156,0.5362707798399077
half_anharmonicity_echo_three_level_simulation,25.0,25.0,0.4591836734693877,0.44537677474381815
half_anharmonicity_echo_three_level_total_simulation,25.0,25.0,0.4591836734693877,0.5137741295490483
half_anharmonicity_echo_three_level_simulation,25.0,25.0,0.47959183673469385,0.44351287494260805
half_anharmonicity_echo_three_level_total_simulation,25.0,25.0,0.47959183673469385,0.5108064479161354
half_anharmonicity_echo_three_level_simulation,25.0,25.0,0.5,0.45965782210552575
half_anharmonicity_echo_three_level_total_simulation,25.0,25.0,0.5,0.5304352498101167
