series,target_rabi_mhz,actual_rabi_mhz,detuning_mhz,excited_probability
current_noecho_experiment,2.5,2.520252178462184,-0.5,0.25462962962962965
current_noecho_experiment,2.5,2.520252178462184,-0.495,0.25462962962962965
current_noecho_experiment,2.5,2.520252178462184,-0.49,0.23148148148148148
current_noecho_experiment,2.5,2.520252178462184,-0.485,0.2361111111111111
current_noecho_experiment,2.5,2.520252178462184,-0.48,0.23148148148148148
current_noecho_experiment,2.5,2.520252178462184,-0.475,0.2638888888888889
current_noecho_experiment,2.5,2.520252178462184,-0.47,0.25925925925925924
current_noecho_experiment,2.5,2.520252178462184,-0.465,0.24074074074074073
current_noecho_experiment,2.5,2.520252178462184,-0.46,0.18981481481481483
current_noecho_experiment,2.5,2.520252178462184,-0.455,0.25
current_noecho_experiment,2.5,2.520252178462184,-0.45,0.24074074074074073
current_noecho_experiment,2.5,2.520252178462184,-0.445,0.2222222222222222
current_noecho_experiment,2.5,2.520252178462184,-0.44,0.24074074074074073
current_noecho_experiment,2.5,2.520252178462184,-0.435,0.28703703703703703
current_noecho_experiment,2.5,2.520252178462184,-0.43,0.22685185185185186
current_noecho_experiment,2.5,2.520252178462184,-0.425,0.2222222222222222
current_noecho_experiment,2.5,2.520252178462184,-0.42,0.20833333333333334
current_noecho_experiment,2.5,2.520252178462184,-0.415,0.24074074074074073
current_noecho_experiment,2.5,2.520252178462184,-0.41,0.25925925925925924
current_noecho_experiment,2.5,2.520252178462184,-0.405,0.28703703703703703
current_noecho_experiment,2.5,2.520252178462184,-0.4,0.25
current_noecho_experiment,2.5,2.520252178462184,-0.395,0.25
current_noecho_experiment,2.5,2.520252178462184,-0.39,0.25
current_noecho_experiment,2.5,2.520252178462184,-0.385,0.2037037037037037
current_noecho_experiment,2.5,2.520252178462184,-0.38,0.25462962962962965
current_noecho_experiment,2.5,2.520252178462184,-0.375,0.28703703703703703
current_noecho_experiment,2.5,2.520252178462184,-0.37,0.17592592592592593
current_noecho_experiment,2.5,2.520252178462184,-0.365,0.2175925925925926
current_noecho_experiment,2.5,2.520252178462184,-0.36,0.2361111111111111
current_noecho_experiment,2.5,2.520252178462184,-0.355,0.18055555555555555
current_noecho_experiment,2.5,2.520252178462184,-0.35,0.18518518518518517
current_noecho_experiment,2.5,2.520252178462184,-0.345,0.16203703703703703
current_noecho_experiment,2.5,2.520252178462184,-0.34,0.2638888888888889
current_noecho_experiment,2.5,2.520252178462184,-0.335,0.19444444444444445
current_noecho_experiment,2.5,2.520252178462184,-0.33,0.16666666666666666
current_noecho_experiment,2.5,2.520252178462184,-0.325,0.21296296296296297
current_noecho_experiment,2.5,2.520252178462184,-0.32,0.21296296296296297
current_noecho_experiment,2.5,2.520252178462184,-0.315,0.16666666666666666
current_noecho_experiment,2.5,2.520252178462184,-0.31,0.16203703703703703
current_noecho_experiment,2.5,2.520252178462184,-0.305,0.25462962962962965
current_noecho_experiment,2.5,2.520252178462184,-0.3,0.19907407407407407
current_noecho_experiment,2.5,2.520252178462184,-0.295,0.21296296296296297
current_noecho_experiment,2.5,2.520252178462184,-0.29,0.21296296296296297
current_noecho_experiment,2.5,2.520252178462184,-0.285,0.18518518518518517
current_noecho_experiment,2.5,2.520252178462184,-0.28,0.2037037037037037
current_noecho_experiment,2.5,2.520252178462184,-0.275,0.2037037037037037
current_noecho_experiment,2.5,2.520252178462184,-0.27,0.14351851851851852
current_noecho_experiment,2.5,2.520252178462184,-0.265,0.19444444444444445
current_noecho_experiment,2.5,2.520252178462184,-0.26,0.24537037037037038
current_noecho_experiment,2.5,2.520252178462184,-0.255,0.12962962962962962
current_noecho_experiment,2.5,2.520252178462184,-0.25,0.1527777777777778
current_noecho_experiment,2.5,2.520252178462184,-0.245,0.21296296296296297
current_noecho_experiment,2.5,2.520252178462184,-0.24,0.17592592592592593
current_noecho_experiment,2.5,2.520252178462184,-0.235,0.18055555555555555
current_noecho_experiment,2.5,2.520252178462184,-0.23,0.18981481481481483
current_noecho_experiment,2.5,2.520252178462184,-0.225,0.13425925925925927
current_noecho_experiment,2.5,2.520252178462184,-0.22,0.18055555555555555
current_noecho_experiment,2.5,2.520252178462184,-0.215,0.1712962962962963
current_noecho_experiment,2.5,2.520252178462184,-0.21,0.16666666666666666
current_noecho_experiment,2.5,2.520252178462184,-0.205,0.18981481481481483
current_noecho_experiment,2.5,2.520252178462184,-0.2,0.19444444444444445
current_noecho_experiment,2.5,2.520252178462184,-0.195,0.16666666666666666
current_noecho_experiment,2.5,2.520252178462184,-0.19,0.12037037037037036
current_noecho_experiment,2.5,2.520252178462184,-0.185,0.14814814814814814
current_noecho_experiment,2.5,2.520252178462184,-0.18,0.14814814814814814
current_noecho_experiment,2.5,2.520252178462184,-0.175,0.13425925925925927
current_noecho_experiment,2.5,2.520252178462184,-0.17,0.10648148148148148
current_noecho_experiment,2.5,2.520252178462184,-0.165,0.18055555555555555
current_noecho_experiment,2.5,2.520252178462184,-0.16,0.125
current_noecho_experiment,2.5,2.520252178462184,-0.155,0.13425925925925927
current_noecho_experiment,2.5,2.520252178462184,-0.15,0.08796296296296297
current_noecho_experiment,2.5,2.520252178462184,-0.145,0.125
current_noecho_experiment,2.5,2.520252178462184,-0.14,0.10185185185185185
current_noecho_experiment,2.5,2.520252178462184,-0.135,0.12037037037037036
current_noecho_experiment,2.5,2.520252178462184,-0.13,0.09722222222222222
current_noecho_experiment,2.5,2.520252178462184,-0.125,0.09259259259259259
current_noecho_experiment,2.5,2.520252178462184,-0.12,0.11574074074074074
current_noecho_experiment,2.5,2.520252178462184,-0.115,0.10648148148148148
current_noecho_experiment,2.5,2.520252178462184,-0.11,0.12037037037037036
current_noecho_experiment,2.5,2.520252178462184,-0.105,0.14351851851851852
current_noecho_experiment,2.5,2.520252178462184,-0.1,0.0787037037037037
current_noecho_experiment,2.5,2.520252178462184,-0.095,0.12037037037037036
current_noecho_experiment,2.5,2.520252178462184,-0.09,0.13425925925925927
current_noecho_experiment,2.5,2.520252178462184,-0.085,0.12962962962962962
current_noecho_experiment,2.5,2.520252178462184,-0.08,0.125
current_noecho_experiment,2.5,2.520252178462184,-0.075,0.13425925925925927
current_noecho_experiment,2.5,2.520252178462184,-0.07,0.16666666666666666
current_noecho_experiment,2.5,2.520252178462184,-0.065,0.17592592592592593
current_noecho_experiment,2.5,2.520252178462184,-0.06,0.20833333333333334
current_noecho_experiment,2.5,2.520252178462184,-0.055,0.25
current_noecho_experiment,2.5,2.520252178462184,-0.05,0.24074074074074073
current_noecho_experiment,2.5,2.520252178462184,-0.045,0.2638888888888889
current_noecho_experiment,2.5,2.520252178462184,-0.04,0.3055555555555556
current_noecho_experiment,2.5,2.520252178462184,-0.035,0.3101851851851852
current_noecho_experiment,2.5,2.520252178462184,-0.03,0.37037037037037035
current_noecho_experiment,2.5,2.520252178462184,-0.025,0.3425925925925926
current_noecho_experiment,2.5,2.520252178462184,-0.02,0.39814814814814814
current_noecho_experiment,2.5,2.520252178462184,-0.015,0.4398148148148148
current_noecho_experiment,2.5,2.520252178462184,-0.01,0.4537037037037037
current_noecho_experiment,2.5,2.520252178462184,-0.005,0.4305555555555556
current_noecho_experiment,2.5,2.520252178462184,0.0,0.39351851851851855
current_noecho_experiment,2.5,2.520252178462184,0.005,0.47685185185185186
current_noecho_experiment,2.5,2.520252178462184,0.01,0.49537037037037035
current_noecho_experiment,2.5,2.520252178462184,0.015,0.36574074074074076
current_noecho_experiment,2.5,2.520252178462184,0.02,0.5092592592592593
current_noecho_experiment,2.5,2.520252178462184,0.025,0.35185185185185186
current_noecho_experiment,2.5,2.520252178462184,0.03,0.39814814814814814
current_noecho_experiment,2.5,2.520252178462184,0.035,0.37037037037037035
current_noecho_experiment,2.5,2.520252178462184,0.04,0.26851851851851855
current_noecho_experiment,2.5,2.520252178462184,0.045,0.3333333333333333
current_noecho_experiment,2.5,2.520252178462184,0.05,0.3472222222222222
current_noecho_experiment,2.5,2.520252178462184,0.055,0.2361111111111111
current_noecho_experiment,2.5,2.520252178462184,0.06,0.2037037037037037
current_noecho_experiment,2.5,2.520252178462184,0.065,0.19444444444444445
current_noecho_experiment,2.5,2.520252178462184,0.07,0.17592592592592593
current_noecho_experiment,2.5,2.520252178462184,0.075,0.1574074074074074
current_noecho_experiment,2.5,2.520252178462184,0.08,0.14814814814814814
current_noecho_experiment,2.5,2.520252178462184,0.085,0.10185185185185185
current_noecho_experiment,2.5,2.520252178462184,0.09,0.1527777777777778
current_noecho_experiment,2.5,2.520252178462184,0.095,0.12962962962962962
current_noecho_experiment,2.5,2.520252178462184,0.1,0.0787037037037037
current_noecho_experiment,2.5,2.520252178462184,0.105,0.1111111111111111
current_noecho_experiment,2.5,2.520252178462184,0.11,0.08796296296296297
current_noecho_experiment,2.5,2.520252178462184,0.115,0.10185185185185185
current_noecho_experiment,2.5,2.520252178462184,0.12,0.10648148148148148
current_noecho_experiment,2.5,2.520252178462184,0.125,0.11574074074074074
current_noecho_experiment,2.5,2.520252178462184,0.13,0.09722222222222222
current_noecho_experiment,2.5,2.520252178462184,0.135,0.09722222222222222
current_noecho_experiment,2.5,2.520252178462184,0.14,0.14351851851851852
current_noecho_experiment,2.5,2.520252178462184,0.145,0.14814814814814814
current_noecho_experiment,2.5,2.520252178462184,0.15,0.08796296296296297
current_noecho_experiment,2.5,2.520252178462184,0.155,0.07407407407407407
current_noecho_experiment,2.5,2.520252178462184,0.16,0.10185185185185185
current_noecho_experiment,2.5,2.520252178462184,0.165,0.11574074074074074
current_noecho_experiment,2.5,2.520252178462184,0.17,0.12037037037037036
current_noecho_experiment,2.5,2.520252178462184,0.175,0.12962962962962962
current_noecho_experiment,2.5,2.520252178462184,0.18,0.12962962962962962
current_noecho_experiment,2.5,2.520252178462184,0.185,0.14814814814814814
current_noecho_experiment,2.5,2.520252178462184,0.19,0.12962962962962962
current_noecho_experiment,2.5,2.520252178462184,0.195,0.09722222222222222
current_noecho_experiment,2.5,2.520252178462184,0.2,0.14814814814814814
current_noecho_experiment,2.5,2.520252178462184,0.205,0.12037037037037036
current_noecho_experiment,2.5,2.520252178462184,0.21,0.1388888888888889
current_noecho_experiment,2.5,2.520252178462184,0.215,0.16203703703703703
current_noecho_experiment,2.5,2.520252178462184,0.22,0.1388888888888889
current_noecho_experiment,2.5,2.520252178462184,0.225,0.19444444444444445
current_noecho_experiment,2.5,2.520252178462184,0.23,0.1527777777777778
current_noecho_experiment,2.5,2.520252178462184,0.235,0.16203703703703703
current_noecho_experiment,2.5,2.520252178462184,0.24,0.1712962962962963
current_noecho_experiment,2.5,2.520252178462184,0.245,0.17592592592592593
current_noecho_experiment,2.5,2.520252178462184,0.25,0.18055555555555555
current_noecho_experiment,2.5,2.520252178462184,0.255,0.1712962962962963
current_noecho_experiment,2.5,2.520252178462184,0.26,0.1527777777777778
current_noecho_experiment,2.5,2.520252178462184,0.265,0.1712962962962963
current_noecho_experiment,2.5,2.520252178462184,0.27,0.17592592592592593
current_noecho_experiment,2.5,2.520252178462184,0.275,0.17592592592592593
current_noecho_experiment,2.5,2.520252178462184,0.28,0.19907407407407407
current_noecho_experiment,2.5,2.520252178462184,0.285,0.1574074074074074
current_noecho_experiment,2.5,2.520252178462184,0.29,0.1527777777777778
current_noecho_experiment,2.5,2.520252178462184,0.295,0.2037037037037037
current_noecho_experiment,2.5,2.520252178462184,0.3,0.18981481481481483
current_noecho_experiment,2.5,2.520252178462184,0.305,0.19444444444444445
current_noecho_experiment,2.5,2.520252178462184,0.31,0.18981481481481483
current_noecho_experiment,2.5,2.520252178462184,0.315,0.21296296296296297
current_noecho_experiment,2.5,2.520252178462184,0.32,0.18055555555555555
current_noecho_experiment,2.5,2.520252178462184,0.325,0.14814814814814814
current_noecho_experiment,2.5,2.520252178462184,0.33,0.19907407407407407
current_noecho_experiment,2.5,2.520252178462184,0.335,0.18518518518518517
current_noecho_experiment,2.5,2.520252178462184,0.34,0.18055555555555555
current_noecho_experiment,2.5,2.520252178462184,0.345,0.19444444444444445
current_noecho_experiment,2.5,2.520252178462184,0.35,0.19907407407407407
current_noecho_experiment,2.5,2.520252178462184,0.355,0.17592592592592593
current_noecho_experiment,2.5,2.520252178462184,0.36,0.2175925925925926
current_noecho_experiment,2.5,2.520252178462184,0.365,0.20833333333333334
current_noecho_experiment,2.5,2.520252178462184,0.37,0.22685185185185186
current_noecho_experiment,2.5,2.520252178462184,0.375,0.22685185185185186
current_noecho_experiment,2.5,2.520252178462184,0.38,0.2037037037037037
current_noecho_experiment,2.5,2.520252178462184,0.385,0.19444444444444445
current_noecho_experiment,2.5,2.520252178462184,0.39,0.23148148148148148
current_noecho_experiment,2.5,2.520252178462184,0.395,0.2222222222222222
current_noecho_experiment,2.5,2.520252178462184,0.4,0.2175925925925926
current_noecho_experiment,2.5,2.520252178462184,0.405,0.18518518518518517
current_noecho_experiment,2.5,2.520252178462184,0.41,0.23148148148148148
current_noecho_experiment,2.5,2.520252178462184,0.415,0.20833333333333334
current_noecho_experiment,2.5,2.520252178462184,0.42,0.1712962962962963
current_noecho_experiment,2.5,2.520252178462184,0.425,0.19907407407407407
current_noecho_experiment,2.5,2.520252178462184,0.43,0.19907407407407407
current_noecho_experiment,2.5,2.520252178462184,0.435,0.2361111111111111
current_noecho_experiment,2.5,2.520252178462184,0.44,0.20833333333333334
current_noecho_experiment,2.5,2.520252178462184,0.445,0.23148148148148148
current_noecho_experiment,2.5,2.520252178462184,0.45,0.23148148148148148
current_noecho_experiment,2.5,2.520252178462184,0.455,0.21296296296296297
current_noecho_experiment,2.5,2.520252178462184,0.46,0.25925925925925924
current_noecho_experiment,2.5,2.520252178462184,0.465,0.2222222222222222
current_noecho_experiment,2.5,2.520252178462184,0.47,0.24074074074074073
current_noecho_experiment,2.5,2.520252178462184,0.475,0.27314814814814814
current_noecho_experiment,2.5,2.520252178462184,0.48,0.24074074074074073
current_noecho_experiment,2.5,2.520252178462184,0.485,0.2638888888888889
current_noecho_experiment,2.5,2.520252178462184,0.49,0.2037037037037037
current_noecho_experiment,2.5,2.520252178462184,0.495,0.20833333333333334
current_noecho_experiment,2.5,2.520252178462184,0.5,0.19907407407407407
current_noecho_three_level_simulation,2.5,2.5510204081632577,-0.5,0.20366260428303845
current_noecho_three_level_simulation,2.5,2.5510204081632577,-0.47959183673469385,0.1996182318444152
current_noecho_three_level_simulation,2.5,2.5510204081632577,-0.45918367346938777,0.19185007211463176
current_noecho_three_level_simulation,2.5,2.5510204081632577,-0.4387755102040817,0.18690007096036204
current_noecho_three_level_simulation,2.5,2.5510204081632577,-0.41836734693877553,0.1871325660952737
current_noecho_three_level_simulation,2.5,2.5510204081632577,-0.39795918367346933,0.1872393096893524
current_noecho_three_level_simulation,2.5,2.5510204081632577,-0.37755102040816324,0.18087660344577547
current_noecho_three_level_simulation,2.5,2.5510204081632577,-0.35714285714285715,0.16969566072324227
current_noecho_three_level_simulation,2.5,2.5510204081632577,-0.336734693877551,0.1613713954826698
current_noecho_three_level_simulation,2.5,2.5510204081632577,-0.31632653061224486,0.1592683581209368
current_noecho_three_level_simulation,2.5,2.5510204081632577,-0.29591836734693877,0.15781187406217542
current_noecho_three_level_simulation,2.5,2.5510204081632577,-0.2755102040816327,0.14926344141161565
current_noecho_three_level_simulation,2.5,2.5510204081632577,-0.25510204081632654,0.13483663081835093
current_noecho_three_level_simulation,2.5,2.5510204081632577,-0.23469387755102036,0.12339181307664904
current_noecho_three_level_simulation,2.5,2.5510204081632577,-0.21428571428571427,0.11959007275570958
current_noecho_three_level_simulation,2.5,2.5510204081632577,-0.19387755102040816,0.11873670194138726
current_noecho_three_level_simulation,2.5,2.5510204081632577,-0.173469387755102,0.1129795233069679
current_noecho_three_level_simulation,2.5,2.5510204081632577,-0.15306122448979587,0.10404862088288712
current_noecho_three_level_simulation,2.5,2.5510204081632577,-0.13265306122448978,0.10183401683696232
current_noecho_three_level_simulation,2.5,2.5510204081632577,-0.11224489795918367,0.11049330706603928
current_noecho_three_level_simulation,2.5,2.5510204081632577,-0.09183673469387751,0.1310074673543107
current_noecho_three_level_simulation,2.5,2.5510204081632577,-0.07142857142857136,0.17024785049821792
current_noecho_three_level_simulation,2.5,2.5510204081632577,-0.051020408163265266,0.24882012372300685
current_noecho_three_level_simulation,2.5,2.5510204081632577,-0.030612244897959173,0.3807629049436652
current_noecho_three_level_simulation,2.5,2.5510204081632577,-0.010204081632653019,0.5026805608536956
current_noecho_three_level_simulation,2.5,2.5510204081632577,0.010204081632653135,0.5037690199652639
current_noecho_three_level_simulation,2.5,2.5510204081632577,0.030612244897959287,0.3830327222887087
current_noecho_three_level_simulation,2.5,2.5510204081632577,0.05102040816326533,0.25065637415479924
current_noecho_three_level_simulation,2.5,2.5510204081632577,0.07142857142857148,0.17113854523911162
current_noecho_three_level_simulation,2.5,2.5510204081632577,0.09183673469387763,0.1312956834502729
current_noecho_three_level_simulation,2.5,2.5510204081632577,0.11224489795918367,0.11045066092124513
current_noecho_three_level_simulation,2.5,2.5510204081632577,0.13265306122448983,0.10134209848562124
current_noecho_three_level_simulation,2.5,2.5510204081632577,0.15306122448979598,0.10288139910416987
current_noecho_three_level_simulation,2.5,2.5510204081632577,0.17346938775510212,0.11115455368811375
current_noecho_three_level_simulation,2.5,2.5510204081632577,0.1938775510204083,0.11650259977949466
current_noecho_three_level_simulation,2.5,2.5510204081632577,0.21428571428571433,0.11713079301541753
current_noecho_three_level_simulation,2.5,2.5510204081632577,0.23469387755102047,0.12068214806650032
current_noecho_three_level_simulation,2.5,2.5510204081632577,0.25510204081632665,0.13176168119203904
current_noecho_three_level_simulation,2.5,2.5510204081632577,0.2755102040816327,0.14581906802900915
current_noecho_three_level_simulation,2.5,2.5510204081632577,0.2959183673469388,0.1541265435007704
current_noecho_three_level_simulation,2.5,2.5510204081632577,0.31632653061224497,0.15545900297625936
current_noecho_three_level_simulation,2.5,2.5510204081632577,0.3367346938775511,0.15743952013017845
current_noecho_three_level_simulation,2.5,2.5510204081632577,0.35714285714285726,0.16557176389423192
current_noecho_three_level_simulation,2.5,2.5510204081632577,0.3775510204081633,0.1765418378698738
current_noecho_three_level_simulation,2.5,2.5510204081632577,0.39795918367346944,0.18276254239065864
current_noecho_three_level_simulation,2.5,2.5510204081632577,0.41836734693877564,0.1825947883190219
current_noecho_three_level_simulation,2.5,2.5510204081632577,0.4387755102040817,0.18231484161136702
current_noecho_three_level_simulation,2.5,2.5510204081632577,0.4591836734693878,0.18717162862936285
current_noecho_three_level_simulation,2.5,2.5510204081632577,0.47959183673469397,0.19482092898070089
current_noecho_three_level_simulation,2.5,2.5510204081632577,0.5,0.19878359294609985
current_echo_experiment,2.5,2.520252178462184,-0.5,0.465
current_echo_experiment,2.5,2.520252178462184,-0.495,0.521
current_echo_experiment,2.5,2.520252178462184,-0.49,0.463
current_echo_experiment,2.5,2.520252178462184,-0.485,0.484
current_echo_experiment,2.5,2.520252178462184,-0.48,0.475
current_echo_experiment,2.5,2.520252178462184,-0.475,0.518
current_echo_experiment,2.5,2.520252178462184,-0.47,0.491
current_echo_experiment,2.5,2.520252178462184,-0.465,0.506
current_echo_experiment,2.5,2.520252178462184,-0.46,0.498
current_echo_experiment,2.5,2.520252178462184,-0.455,0.5
current_echo_experiment,2.5,2.520252178462184,-0.45,0.46
current_echo_experiment,2.5,2.520252178462184,-0.445,0.511
current_echo_experiment,2.5,2.520252178462184,-0.44,0.521
current_echo_experiment,2.5,2.520252178462184,-0.435,0.467
current_echo_experiment,2.5,2.520252178462184,-0.43,0.491
current_echo_experiment,2.5,2.520252178462184,-0.425,0.482
current_echo_experiment,2.5,2.520252178462184,-0.42,0.498
current_echo_experiment,2.5,2.520252178462184,-0.415,0.498
current_echo_experiment,2.5,2.520252178462184,-0.41,0.509
current_echo_experiment,2.5,2.520252178462184,-0.405,0.484
current_echo_experiment,2.5,2.520252178462184,-0.4,0.494
current_echo_experiment,2.5,2.520252178462184,-0.395,0.493
current_echo_experiment,2.5,2.520252178462184,-0.39,0.472
current_echo_experiment,2.5,2.520252178462184,-0.385,0.516
current_echo_experiment,2.5,2.520252178462184,-0.38,0.503
current_echo_experiment,2.5,2.520252178462184,-0.375,0.483
current_echo_experiment,2.5,2.520252178462184,-0.37,0.488
current_echo_experiment,2.5,2.520252178462184,-0.365,0.484
current_echo_experiment,2.5,2.520252178462184,-0.36,0.493
current_echo_experiment,2.5,2.520252178462184,-0.355,0.495
current_echo_experiment,2.5,2.520252178462184,-0.35,0.489
current_echo_experiment,2.5,2.520252178462184,-0.345,0.496
current_echo_experiment,2.5,2.520252178462184,-0.34,0.502
current_echo_experiment,2.5,2.520252178462184,-0.335,0.484
current_echo_experiment,2.5,2.520252178462184,-0.33,0.511
current_echo_experiment,2.5,2.520252178462184,-0.325,0.507
current_echo_experiment,2.5,2.520252178462184,-0.32,0.512
current_echo_experiment,2.5,2.520252178462184,-0.315,0.484
current_echo_experiment,2.5,2.520252178462184,-0.31,0.517
current_echo_experiment,2.5,2.520252178462184,-0.305,0.519
current_echo_experiment,2.5,2.520252178462184,-0.3,0.477
current_echo_experiment,2.5,2.520252178462184,-0.295,0.484
current_echo_experiment,2.5,2.520252178462184,-0.29,0.493
current_echo_experiment,2.5,2.520252178462184,-0.285,0.487
current_echo_experiment,2.5,2.520252178462184,-0.28,0.491
current_echo_experiment,2.5,2.520252178462184,-0.275,0.511
current_echo_experiment,2.5,2.520252178462184,-0.27,0.497
current_echo_experiment,2.5,2.520252178462184,-0.265,0.501
current_echo_experiment,2.5,2.520252178462184,-0.26,0.509
current_echo_experiment,2.5,2.520252178462184,-0.255,0.482
current_echo_experiment,2.5,2.520252178462184,-0.25,0.495
current_echo_experiment,2.5,2.520252178462184,-0.245,0.492
current_echo_experiment,2.5,2.520252178462184,-0.24,0.502
current_echo_experiment,2.5,2.520252178462184,-0.235,0.504
current_echo_experiment,2.5,2.520252178462184,-0.23,0.493
current_echo_experiment,2.5,2.520252178462184,-0.225,0.48
current_echo_experiment,2.5,2.520252178462184,-0.22,0.482
current_echo_experiment,2.5,2.520252178462184,-0.215,0.533
current_echo_experiment,2.5,2.520252178462184,-0.21,0.476
current_echo_experiment,2.5,2.520252178462184,-0.205,0.48
current_echo_experiment,2.5,2.520252178462184,-0.2,0.461
current_echo_experiment,2.5,2.520252178462184,-0.195,0.506
current_echo_experiment,2.5,2.520252178462184,-0.19,0.472
current_echo_experiment,2.5,2.520252178462184,-0.185,0.483
current_echo_experiment,2.5,2.520252178462184,-0.18,0.484
current_echo_experiment,2.5,2.520252178462184,-0.175,0.498
current_echo_experiment,2.5,2.520252178462184,-0.17,0.504
current_echo_experiment,2.5,2.520252178462184,-0.165,0.492
current_echo_experiment,2.5,2.520252178462184,-0.16,0.51
current_echo_experiment,2.5,2.520252178462184,-0.155,0.478
current_echo_experiment,2.5,2.520252178462184,-0.15,0.512
current_echo_experiment,2.5,2.520252178462184,-0.145,0.474
current_echo_experiment,2.5,2.520252178462184,-0.14,0.495
current_echo_experiment,2.5,2.520252178462184,-0.135,0.498
current_echo_experiment,2.5,2.520252178462184,-0.13,0.508
current_echo_experiment,2.5,2.520252178462184,-0.125,0.484
current_echo_experiment,2.5,2.520252178462184,-0.12,0.504
current_echo_experiment,2.5,2.520252178462184,-0.115,0.495
current_echo_experiment,2.5,2.520252178462184,-0.11,0.497
current_echo_experiment,2.5,2.520252178462184,-0.105,0.491
current_echo_experiment,2.5,2.520252178462184,-0.1,0.484
current_echo_experiment,2.5,2.520252178462184,-0.095,0.46
current_echo_experiment,2.5,2.520252178462184,-0.09,0.48
current_echo_experiment,2.5,2.520252178462184,-0.085,0.46
current_echo_experiment,2.5,2.520252178462184,-0.08,0.478
current_echo_experiment,2.5,2.520252178462184,-0.075,0.495
current_echo_experiment,2.5,2.520252178462184,-0.07,0.496
current_echo_experiment,2.5,2.520252178462184,-0.065,0.461
current_echo_experiment,2.5,2.520252178462184,-0.06,0.502
current_echo_experiment,2.5,2.520252178462184,-0.055,0.512
current_echo_experiment,2.5,2.520252178462184,-0.05,0.466
current_echo_experiment,2.5,2.520252178462184,-0.045,0.434
current_echo_experiment,2.5,2.520252178462184,-0.04,0.445
current_echo_experiment,2.5,2.520252178462184,-0.035,0.4
current_echo_experiment,2.5,2.520252178462184,-0.03,0.441
current_echo_experiment,2.5,2.520252178462184,-0.025,0.377
current_echo_experiment,2.5,2.520252178462184,-0.02,0.38
current_echo_experiment,2.5,2.520252178462184,-0.015,0.345
current_echo_experiment,2.5,2.520252178462184,-0.01,0.349
current_echo_experiment,2.5,2.520252178462184,-0.005,0.346
current_echo_experiment,2.5,2.520252178462184,0.0,0.334
current_echo_experiment,2.5,2.520252178462184,0.005,0.312
current_echo_experiment,2.5,2.520252178462184,0.01,0.332
current_echo_experiment,2.5,2.520252178462184,0.015,0.322
current_echo_experiment,2.5,2.520252178462184,0.02,0.346
current_echo_experiment,2.5,2.520252178462184,0.025,0.371
current_echo_experiment,2.5,2.520252178462184,0.03,0.384
current_echo_experiment,2.5,2.520252178462184,0.035,0.371
current_echo_experiment,2.5,2.520252178462184,0.04,0.422
current_echo_experiment,2.5,2.520252178462184,0.045,0.432
current_echo_experiment,2.5,2.520252178462184,0.05,0.473
current_echo_experiment,2.5,2.520252178462184,0.055,0.471
current_echo_experiment,2.5,2.520252178462184,0.06,0.468
current_echo_experiment,2.5,2.520252178462184,0.065,0.476
current_echo_experiment,2.5,2.520252178462184,0.07,0.512
current_echo_experiment,2.5,2.520252178462184,0.075,0.511
current_echo_experiment,2.5,2.520252178462184,0.08,0.501
current_echo_experiment,2.5,2.520252178462184,0.085,0.517
current_echo_experiment,2.5,2.520252178462184,0.09,0.486
current_echo_experiment,2.5,2.520252178462184,0.095,0.55
current_echo_experiment,2.5,2.520252178462184,0.1,0.527
current_echo_experiment,2.5,2.520252178462184,0.105,0.483
current_echo_experiment,2.5,2.520252178462184,0.11,0.512
current_echo_experiment,2.5,2.520252178462184,0.115,0.507
current_echo_experiment,2.5,2.520252178462184,0.12,0.5
current_echo_experiment,2.5,2.520252178462184,0.125,0.534
current_echo_experiment,2.5,2.520252178462184,0.13,0.497
current_echo_experiment,2.5,2.520252178462184,0.135,0.5
current_echo_experiment,2.5,2.520252178462184,0.14,0.519
current_echo_experiment,2.5,2.520252178462184,0.145,0.552
current_echo_experiment,2.5,2.520252178462184,0.15,0.498
current_echo_experiment,2.5,2.520252178462184,0.155,0.535
current_echo_experiment,2.5,2.520252178462184,0.16,0.538
current_echo_experiment,2.5,2.520252178462184,0.165,0.522
current_echo_experiment,2.5,2.520252178462184,0.17,0.513
current_echo_experiment,2.5,2.520252178462184,0.175,0.527
current_echo_experiment,2.5,2.520252178462184,0.18,0.515
current_echo_experiment,2.5,2.520252178462184,0.185,0.508
current_echo_experiment,2.5,2.520252178462184,0.19,0.53
current_echo_experiment,2.5,2.520252178462184,0.195,0.516
current_echo_experiment,2.5,2.520252178462184,0.2,0.526
current_echo_experiment,2.5,2.520252178462184,0.205,0.521
current_echo_experiment,2.5,2.520252178462184,0.21,0.534
current_echo_experiment,2.5,2.520252178462184,0.215,0.5
current_echo_experiment,2.5,2.520252178462184,0.22,0.521
current_echo_experiment,2.5,2.520252178462184,0.225,0.498
current_echo_experiment,2.5,2.520252178462184,0.23,0.521
current_echo_experiment,2.5,2.520252178462184,0.235,0.549
current_echo_experiment,2.5,2.520252178462184,0.24,0.554
current_echo_experiment,2.5,2.520252178462184,0.245,0.516
current_echo_experiment,2.5,2.520252178462184,0.25,0.514
current_echo_experiment,2.5,2.520252178462184,0.255,0.522
current_echo_experiment,2.5,2.520252178462184,0.26,0.552
current_echo_experiment,2.5,2.520252178462184,0.265,0.518
current_echo_experiment,2.5,2.520252178462184,0.27,0.533
current_echo_experiment,2.5,2.520252178462184,0.275,0.505
current_echo_experiment,2.5,2.520252178462184,0.28,0.494
current_echo_experiment,2.5,2.520252178462184,0.285,0.51
current_echo_experiment,2.5,2.520252178462184,0.29,0.522
current_echo_experiment,2.5,2.520252178462184,0.295,0.522
current_echo_experiment,2.5,2.520252178462184,0.3,0.54
current_echo_experiment,2.5,2.520252178462184,0.305,0.519
current_echo_experiment,2.5,2.520252178462184,0.31,0.534
current_echo_experiment,2.5,2.520252178462184,0.315,0.52
current_echo_experiment,2.5,2.520252178462184,0.32,0.521
current_echo_experiment,2.5,2.520252178462184,0.325,0.509
current_echo_experiment,2.5,2.520252178462184,0.33,0.539
current_echo_experiment,2.5,2.520252178462184,0.335,0.529
current_echo_experiment,2.5,2.520252178462184,0.34,0.54
current_echo_experiment,2.5,2.520252178462184,0.345,0.526
current_echo_experiment,2.5,2.520252178462184,0.35,0.537
current_echo_experiment,2.5,2.520252178462184,0.355,0.511
current_echo_experiment,2.5,2.520252178462184,0.36,0.532
current_echo_experiment,2.5,2.520252178462184,0.365,0.526
current_echo_experiment,2.5,2.520252178462184,0.37,0.511
current_echo_experiment,2.5,2.520252178462184,0.375,0.537
current_echo_experiment,2.5,2.520252178462184,0.38,0.532
current_echo_experiment,2.5,2.520252178462184,0.385,0.518
current_echo_experiment,2.5,2.520252178462184,0.39,0.519
current_echo_experiment,2.5,2.520252178462184,0.395,0.533
current_echo_experiment,2.5,2.520252178462184,0.4,0.532
current_echo_experiment,2.5,2.520252178462184,0.405,0.504
current_echo_experiment,2.5,2.520252178462184,0.41,0.509
current_echo_experiment,2.5,2.520252178462184,0.415,0.529
current_echo_experiment,2.5,2.520252178462184,0.42,0.504
current_echo_experiment,2.5,2.520252178462184,0.425,0.527
current_echo_experiment,2.5,2.520252178462184,0.43,0.524
current_echo_experiment,2.5,2.520252178462184,0.435,0.521
current_echo_experiment,2.5,2.520252178462184,0.44,0.505
current_echo_experiment,2.5,2.520252178462184,0.445,0.529
current_echo_experiment,2.5,2.520252178462184,0.45,0.547
current_echo_experiment,2.5,2.520252178462184,0.455,0.525
current_echo_experiment,2.5,2.520252178462184,0.46,0.501
current_echo_experiment,2.5,2.520252178462184,0.465,0.503
current_echo_experiment,2.5,2.520252178462184,0.47,0.503
current_echo_experiment,2.5,2.520252178462184,0.475,0.505
current_echo_experiment,2.5,2.520252178462184,0.48,0.498
current_echo_experiment,2.5,2.520252178462184,0.485,0.512
current_echo_experiment,2.5,2.520252178462184,0.49,0.527
current_echo_experiment,2.5,2.520252178462184,0.495,0.545
current_echo_experiment,2.5,2.520252178462184,0.5,0.531
current_echo_three_level_simulation,2.5,2.5510204081632577,-0.5,0.48810499573155136
current_echo_three_level_simulation,2.5,2.5510204081632577,-0.47959183673469385,0.49090964618847044
current_echo_three_level_simulation,2.5,2.5510204081632577,-0.45918367346938777,0.49584328436556563
current_echo_three_level_simulation,2.5,2.5510204081632577,-0.4387755102040817,0.49566606294691173
current_echo_three_level_simulation,2.5,2.5510204081632577,-0.41836734693877553,0.4900045120803598
current_echo_three_level_simulation,2.5,2.5510204081632577,-0.39795918367346933,0.4865232729242765
current_echo_three_level_simulation,2.5,2.5510204081632577,-0.37755102040816324,0.4900239006433968
current_echo_three_level_simulation,2.5,2.5510204081632577,-0.35714285714285715,0.494921667727348
current_echo_three_level_simulation,2.5,2.5510204081632577,-0.336734693877551,0.4924900754135471
current_echo_three_level_simulation,2.5,2.5510204081632577,-0.31632653061224486,0.4838980002607479
current_echo_three_level_simulation,2.5,2.5510204081632577,-0.29591836734693877,0.4795381004831246
current_echo_three_level_simulation,2.5,2.5510204081632577,-0.2755102040816327,0.4841426517246021
current_echo_three_level_simulation,2.5,2.5510204081632577,-0.25510204081632654,0.4887095111522634
current_echo_three_level_simulation,2.5,2.5510204081632577,-0.23469387755102036,0.48214384010690214
current_echo_three_level_simulation,2.5,2.5510204081632577,-0.21428571428571427,0.46842583293941026
current_echo_three_level_simulation,2.5,2.5510204081632577,-0.19387755102040816,0.4627546283166527
current_echo_three_level_simulation,2.5,2.5510204081632577,-0.173469387755102,0.46948462016969766
current_echo_three_level_simulation,2.5,2.5510204081632577,-0.15306122448979587,0.47255911736297196
current_echo_three_level_simulation,2.5,2.5510204081632577,-0.13265306122448978,0.45579904996184833
current_echo_three_level_simulation,2.5,2.5510204081632577,-0.11224489795918367,0.43000402074325733
current_echo_three_level_simulation,2.5,2.5510204081632577,-0.09183673469387751,0.42238230323486
current_echo_three_level_simulation,2.5,2.5510204081632577,-0.07142857142857136,0.43489291397507984
current_echo_three_level_simulation,2.5,2.5510204081632577,-0.051020408163265266,0.4228036818150287
current_echo_three_level_simulation,2.5,2.5510204081632577,-0.030612244897959173,0.34296830335250106
current_echo_three_level_simulation,2.5,2.5510204081632577,-0.010204081632653019,0.2473254221162995
current_echo_three_level_simulation,2.5,2.5510204081632577,0.010204081632653135,0.24663723642217644
current_echo_three_level_simulation,2.5,2.5510204081632577,0.030612244897959287,0.34200888217430203
current_echo_three_level_simulation,2.5,2.5510204081632577,0.05102040816326533,0.42330679991497283
current_echo_three_level_simulation,2.5,2.5510204081632577,0.07142857142857148,0.43722211229503705
current_echo_three_level_simulation,2.5,2.5510204081632577,0.09183673469387763,0.4258620512646256
current_echo_three_level_simulation,2.5,2.5510204081632577,0.11224489795918367,0.43404569796930215
current_echo_three_level_simulation,2.5,2.5510204081632577,0.13265306122448983,0.4602375662783796
current_echo_three_level_simulation,2.5,2.5510204081632577,0.15306122448979598,0.4774804642225949
current_echo_three_level_simulation,2.5,2.5510204081632577,0.17346938775510212,0.47492249756243726
current_echo_three_level_simulation,2.5,2.5510204081632577,0.1938775510204083,0.4685523439019116
current_echo_three_level_simulation,2.5,2.5510204081632577,0.21428571428571433,0.4743623674944414
current_echo_three_level_simulation,2.5,2.5510204081632577,0.23469387755102047,0.4880948536537552
current_echo_three_level_simulation,2.5,2.5510204081632577,0.25510204081632665,0.49470488573219357
current_echo_three_level_simulation,2.5,2.5510204081632577,0.2755102040816327,0.4902650271653305
current_echo_three_level_simulation,2.5,2.5510204081632577,0.2959183673469388,0.48577505304811375
current_echo_three_level_simulation,2.5,2.5510204081632577,0.31632653061224497,0.49013151494848994
current_echo_three_level_simulation,2.5,2.5510204081632577,0.3367346938775511,0.4986135527607763
current_echo_three_level_simulation,2.5,2.5510204081632577,0.35714285714285726,0.5009475650226571
current_echo_three_level_simulation,2.5,2.5510204081632577,0.3775510204081633,0.4960426106619262
current_echo_three_level_simulation,2.5,2.5510204081632577,0.39795918367346944,0.492563487263959
current_echo_three_level_simulation,2.5,2.5510204081632577,0.41836734693877564,0.49598534024360524
current_echo_three_level_simulation,2.5,2.5510204081632577,0.4387755102040817,0.5014927498484227
current_echo_three_level_simulation,2.5,2.5510204081632577,0.4591836734693878,0.5015240625397421
current_echo_three_level_simulation,2.5,2.5510204081632577,0.47959183673469397,0.496533198110868
current_echo_three_level_simulation,2.5,2.5510204081632577,0.5,0.4937106693812066
current_noecho_experiment,10.0,9.954996104925625,-0.5,0.1111111111111111
current_noecho_experiment,10.0,9.954996104925625,-0.495,0.13425925925925927
current_noecho_experiment,10.0,9.954996104925625,-0.49,0.13425925925925927
current_noecho_experiment,10.0,9.954996104925625,-0.485,0.07407407407407407
current_noecho_experiment,10.0,9.954996104925625,-0.48,0.10185185185185185
current_noecho_experiment,10.0,9.954996104925625,-0.475,0.09722222222222222
current_noecho_experiment,10.0,9.954996104925625,-0.47,0.08333333333333333
current_noecho_experiment,10.0,9.954996104925625,-0.465,0.1388888888888889
current_noecho_experiment,10.0,9.954996104925625,-0.46,0.09722222222222222
current_noecho_experiment,10.0,9.954996104925625,-0.455,0.05555555555555555
current_noecho_experiment,10.0,9.954996104925625,-0.45,0.12037037037037036
current_noecho_experiment,10.0,9.954996104925625,-0.445,0.13425925925925927
current_noecho_experiment,10.0,9.954996104925625,-0.44,0.10648148148148148
current_noecho_experiment,10.0,9.954996104925625,-0.435,0.09259259259259259
current_noecho_experiment,10.0,9.954996104925625,-0.43,0.11574074074074074
current_noecho_experiment,10.0,9.954996104925625,-0.425,0.125
current_noecho_experiment,10.0,9.954996104925625,-0.42,0.12037037037037036
current_noecho_experiment,10.0,9.954996104925625,-0.415,0.10648148148148148
current_noecho_experiment,10.0,9.954996104925625,-0.41,0.13425925925925927
current_noecho_experiment,10.0,9.954996104925625,-0.405,0.12037037037037036
current_noecho_experiment,10.0,9.954996104925625,-0.4,0.10185185185185185
current_noecho_experiment,10.0,9.954996104925625,-0.395,0.10648148148148148
current_noecho_experiment,10.0,9.954996104925625,-0.39,0.1527777777777778
current_noecho_experiment,10.0,9.954996104925625,-0.385,0.13425925925925927
current_noecho_experiment,10.0,9.954996104925625,-0.38,0.10185185185185185
current_noecho_experiment,10.0,9.954996104925625,-0.375,0.1388888888888889
current_noecho_experiment,10.0,9.954996104925625,-0.37,0.1111111111111111
current_noecho_experiment,10.0,9.954996104925625,-0.365,0.10185185185185185
current_noecho_experiment,10.0,9.954996104925625,-0.36,0.125
current_noecho_experiment,10.0,9.954996104925625,-0.355,0.12962962962962962
current_noecho_experiment,10.0,9.954996104925625,-0.35,0.1388888888888889
current_noecho_experiment,10.0,9.954996104925625,-0.345,0.09722222222222222
current_noecho_experiment,10.0,9.954996104925625,-0.34,0.1574074074074074
current_noecho_experiment,10.0,9.954996104925625,-0.335,0.06944444444444445
current_noecho_experiment,10.0,9.954996104925625,-0.33,0.12962962962962962
current_noecho_experiment,10.0,9.954996104925625,-0.325,0.14814814814814814
current_noecho_experiment,10.0,9.954996104925625,-0.32,0.1111111111111111
current_noecho_experiment,10.0,9.954996104925625,-0.315,0.12962962962962962
current_noecho_experiment,10.0,9.954996104925625,-0.31,0.18055555555555555
current_noecho_experiment,10.0,9.954996104925625,-0.305,0.11574074074074074
current_noecho_experiment,10.0,9.954996104925625,-0.3,0.16203703703703703
current_noecho_experiment,10.0,9.954996104925625,-0.295,0.1527777777777778
current_noecho_experiment,10.0,9.954996104925625,-0.29,0.125
current_noecho_experiment,10.0,9.954996104925625,-0.285,0.1712962962962963
current_noecho_experiment,10.0,9.954996104925625,-0.28,0.10185185185185185
current_noecho_experiment,10.0,9.954996104925625,-0.275,0.17592592592592593
current_noecho_experiment,10.0,9.954996104925625,-0.27,0.16203703703703703
current_noecho_experiment,10.0,9.954996104925625,-0.265,0.1712962962962963
current_noecho_experiment,10.0,9.954996104925625,-0.26,0.1712962962962963
current_noecho_experiment,10.0,9.954996104925625,-0.255,0.1712962962962963
current_noecho_experiment,10.0,9.954996104925625,-0.25,0.18518518518518517
current_noecho_experiment,10.0,9.954996104925625,-0.245,0.18518518518518517
current_noecho_experiment,10.0,9.954996104925625,-0.24,0.1712962962962963
current_noecho_experiment,10.0,9.954996104925625,-0.235,0.16666666666666666
current_noecho_experiment,10.0,9.954996104925625,-0.23,0.12962962962962962
current_noecho_experiment,10.0,9.954996104925625,-0.225,0.16666666666666666
current_noecho_experiment,10.0,9.954996104925625,-0.22,0.16666666666666666
current_noecho_experiment,10.0,9.954996104925625,-0.215,0.14814814814814814
current_noecho_experiment,10.0,9.954996104925625,-0.21,0.17592592592592593
current_noecho_experiment,10.0,9.954996104925625,-0.205,0.21296296296296297
current_noecho_experiment,10.0,9.954996104925625,-0.2,0.18055555555555555
current_noecho_experiment,10.0,9.954996104925625,-0.195,0.1388888888888889
current_noecho_experiment,10.0,9.954996104925625,-0.19,0.1527777777777778
current_noecho_experiment,10.0,9.954996104925625,-0.185,0.2037037037037037
current_noecho_experiment,10.0,9.954996104925625,-0.18,0.16666666666666666
current_noecho_experiment,10.0,9.954996104925625,-0.175,0.1527777777777778
current_noecho_experiment,10.0,9.954996104925625,-0.17,0.18981481481481483
current_noecho_experiment,10.0,9.954996104925625,-0.165,0.20833333333333334
current_noecho_experiment,10.0,9.954996104925625,-0.16,0.16666666666666666
current_noecho_experiment,10.0,9.954996104925625,-0.155,0.2361111111111111
current_noecho_experiment,10.0,9.954996104925625,-0.15,0.17592592592592593
current_noecho_experiment,10.0,9.954996104925625,-0.145,0.25925925925925924
current_noecho_experiment,10.0,9.954996104925625,-0.14,0.2361111111111111
current_noecho_experiment,10.0,9.954996104925625,-0.135,0.2222222222222222
current_noecho_experiment,10.0,9.954996104925625,-0.13,0.18981481481481483
current_noecho_experiment,10.0,9.954996104925625,-0.125,0.24074074074074073
current_noecho_experiment,10.0,9.954996104925625,-0.12,0.25
current_noecho_experiment,10.0,9.954996104925625,-0.115,0.2037037037037037
current_noecho_experiment,10.0,9.954996104925625,-0.11,0.3101851851851852
current_noecho_experiment,10.0,9.954996104925625,-0.105,0.28703703703703703
current_noecho_experiment,10.0,9.954996104925625,-0.1,0.3194444444444444
current_noecho_experiment,10.0,9.954996104925625,-0.095,0.3333333333333333
current_noecho_experiment,10.0,9.954996104925625,-0.09,0.30092592592592593
current_noecho_experiment,10.0,9.954996104925625,-0.085,0.3472222222222222
current_noecho_experiment,10.0,9.954996104925625,-0.08,0.3148148148148148
current_noecho_experiment,10.0,9.954996104925625,-0.075,0.3333333333333333
current_noecho_experiment,10.0,9.954996104925625,-0.07,0.2916666666666667
current_noecho_experiment,10.0,9.954996104925625,-0.065,0.3425925925925926
current_noecho_experiment,10.0,9.954996104925625,-0.06,0.3472222222222222
current_noecho_experiment,10.0,9.954996104925625,-0.055,0.39351851851851855
current_noecho_experiment,10.0,9.954996104925625,-0.05,0.37962962962962965
current_noecho_experiment,10.0,9.954996104925625,-0.045,0.375
current_noecho_experiment,10.0,9.954996104925625,-0.04,0.3888888888888889
current_noecho_experiment,10.0,9.954996104925625,-0.035,0.375
current_noecho_experiment,10.0,9.954996104925625,-0.03,0.35648148148148145
current_noecho_experiment,10.0,9.954996104925625,-0.025,0.375
current_noecho_experiment,10.0,9.954996104925625,-0.02,0.4212962962962963
current_noecho_experiment,10.0,9.954996104925625,-0.015,0.39814814814814814
current_noecho_experiment,10.0,9.954996104925625,-0.01,0.4305555555555556
current_noecho_experiment,10.0,9.954996104925625,-0.005,0.4537037037037037
current_noecho_experiment,10.0,9.954996104925625,0.0,0.4861111111111111
current_noecho_experiment,10.0,9.954996104925625,0.005,0.4305555555555556
current_noecho_experiment,10.0,9.954996104925625,0.01,0.4027777777777778
current_noecho_experiment,10.0,9.954996104925625,0.015,0.5046296296296297
current_noecho_experiment,10.0,9.954996104925625,0.02,0.4351851851851852
current_noecho_experiment,10.0,9.954996104925625,0.025,0.4166666666666667
current_noecho_experiment,10.0,9.954996104925625,0.03,0.4166666666666667
current_noecho_experiment,10.0,9.954996104925625,0.035,0.4675925925925926
current_noecho_experiment,10.0,9.954996104925625,0.04,0.375
current_noecho_experiment,10.0,9.954996104925625,0.045,0.3611111111111111
current_noecho_experiment,10.0,9.954996104925625,0.05,0.37037037037037035
current_noecho_experiment,10.0,9.954996104925625,0.055,0.36574074074074076
current_noecho_experiment,10.0,9.954996104925625,0.06,0.28703703703703703
current_noecho_experiment,10.0,9.954996104925625,0.065,0.3194444444444444
current_noecho_experiment,10.0,9.954996104925625,0.07,0.32407407407407407
current_noecho_experiment,10.0,9.954996104925625,0.075,0.3101851851851852
current_noecho_experiment,10.0,9.954996104925625,0.08,0.2777777777777778
current_noecho_experiment,10.0,9.954996104925625,0.085,0.30092592592592593
current_noecho_experiment,10.0,9.954996104925625,0.09,0.2962962962962963
current_noecho_experiment,10.0,9.954996104925625,0.095,0.2916666666666667
current_noecho_experiment,10.0,9.954996104925625,0.1,0.2777777777777778
current_noecho_experiment,10.0,9.954996104925625,0.105,0.30092592592592593
current_noecho_experiment,10.0,9.954996104925625,0.11,0.24074074074074073
current_noecho_experiment,10.0,9.954996104925625,0.115,0.2962962962962963
current_noecho_experiment,10.0,9.954996104925625,0.12,0.24074074074074073
current_noecho_experiment,10.0,9.954996104925625,0.125,0.24074074074074073
current_noecho_experiment,10.0,9.954996104925625,0.13,0.2175925925925926
current_noecho_experiment,10.0,9.954996104925625,0.135,0.2222222222222222
current_noecho_experiment,10.0,9.954996104925625,0.14,0.21296296296296297
current_noecho_experiment,10.0,9.954996104925625,0.145,0.20833333333333334
current_noecho_experiment,10.0,9.954996104925625,0.15,0.2175925925925926
current_noecho_experiment,10.0,9.954996104925625,0.155,0.18055555555555555
current_noecho_experiment,10.0,9.954996104925625,0.16,0.1527777777777778
current_noecho_experiment,10.0,9.954996104925625,0.165,0.18518518518518517
current_noecho_experiment,10.0,9.954996104925625,0.17,0.18981481481481483
current_noecho_experiment,10.0,9.954996104925625,0.175,0.16666666666666666
current_noecho_experiment,10.0,9.954996104925625,0.18,0.18055555555555555
current_noecho_experiment,10.0,9.954996104925625,0.185,0.16666666666666666
current_noecho_experiment,10.0,9.954996104925625,0.19,0.18055555555555555
current_noecho_experiment,10.0,9.954996104925625,0.195,0.17592592592592593
current_noecho_experiment,10.0,9.954996104925625,0.2,0.13425925925925927
current_noecho_experiment,10.0,9.954996104925625,0.205,0.21296296296296297
current_noecho_experiment,10.0,9.954996104925625,0.21,0.13425925925925927
current_noecho_experiment,10.0,9.954996104925625,0.215,0.17592592592592593
current_noecho_experiment,10.0,9.954996104925625,0.22,0.17592592592592593
current_noecho_experiment,10.0,9.954996104925625,0.225,0.1527777777777778
current_noecho_experiment,10.0,9.954996104925625,0.23,0.16203703703703703
current_noecho_experiment,10.0,9.954996104925625,0.235,0.14351851851851852
current_noecho_experiment,10.0,9.954996104925625,0.24,0.1388888888888889
current_noecho_experiment,10.0,9.954996104925625,0.245,0.1527777777777778
current_noecho_experiment,10.0,9.954996104925625,0.25,0.1388888888888889
current_noecho_experiment,10.0,9.954996104925625,0.255,0.125
current_noecho_experiment,10.0,9.954996104925625,0.26,0.12037037037037036
current_noecho_experiment,10.0,9.954996104925625,0.265,0.09722222222222222
current_noecho_experiment,10.0,9.954996104925625,0.27,0.13425925925925927
current_noecho_experiment,10.0,9.954996104925625,0.275,0.14814814814814814
current_noecho_experiment,10.0,9.954996104925625,0.28,0.125
current_noecho_experiment,10.0,9.954996104925625,0.285,0.11574074074074074
current_noecho_experiment,10.0,9.954996104925625,0.29,0.1527777777777778
current_noecho_experiment,10.0,9.954996104925625,0.295,0.12037037037037036
current_noecho_experiment,10.0,9.954996104925625,0.3,0.12962962962962962
current_noecho_experiment,10.0,9.954996104925625,0.305,0.1388888888888889
current_noecho_experiment,10.0,9.954996104925625,0.31,0.1111111111111111
current_noecho_experiment,10.0,9.954996104925625,0.315,0.11574074074074074
current_noecho_experiment,10.0,9.954996104925625,0.32,0.10185185185185185
current_noecho_experiment,10.0,9.954996104925625,0.325,0.08333333333333333
current_noecho_experiment,10.0,9.954996104925625,0.33,0.07407407407407407
current_noecho_experiment,10.0,9.954996104925625,0.335,0.08796296296296297
current_noecho_experiment,10.0,9.954996104925625,0.34,0.08333333333333333
current_noecho_experiment,10.0,9.954996104925625,0.345,0.10185185185185185
current_noecho_experiment,10.0,9.954996104925625,0.35,0.11574074074074074
current_noecho_experiment,10.0,9.954996104925625,0.355,0.12037037037037036
current_noecho_experiment,10.0,9.954996104925625,0.36,0.09259259259259259
current_noecho_experiment,10.0,9.954996104925625,0.365,0.10185185185185185
current_noecho_experiment,10.0,9.954996104925625,0.37,0.08796296296296297
current_noecho_experiment,10.0,9.954996104925625,0.375,0.0787037037037037
current_noecho_experiment,10.0,9.954996104925625,0.38,0.09259259259259259
current_noecho_experiment,10.0,9.954996104925625,0.385,0.14351851851851852
current_noecho_experiment,10.0,9.954996104925625,0.39,0.12037037037037036
current_noecho_experiment,10.0,9.954996104925625,0.395,0.08796296296296297
current_noecho_experiment,10.0,9.954996104925625,0.4,0.10185185185185185
current_noecho_experiment,10.0,9.954996104925625,0.405,0.10185185185185185
current_noecho_experiment,10.0,9.954996104925625,0.41,0.07407407407407407
current_noecho_experiment,10.0,9.954996104925625,0.415,0.10648148148148148
current_noecho_experiment,10.0,9.954996104925625,0.42,0.125
current_noecho_experiment,10.0,9.954996104925625,0.425,0.12037037037037036
current_noecho_experiment,10.0,9.954996104925625,0.43,0.09722222222222222
current_noecho_experiment,10.0,9.954996104925625,0.435,0.0787037037037037
current_noecho_experiment,10.0,9.954996104925625,0.44,0.14814814814814814
current_noecho_experiment,10.0,9.954996104925625,0.445,0.11574074074074074
current_noecho_experiment,10.0,9.954996104925625,0.45,0.09259259259259259
current_noecho_experiment,10.0,9.954996104925625,0.455,0.08333333333333333
current_noecho_experiment,10.0,9.954996104925625,0.46,0.125
current_noecho_experiment,10.0,9.954996104925625,0.465,0.05555555555555555
current_noecho_experiment,10.0,9.954996104925625,0.47,0.1111111111111111
current_noecho_experiment,10.0,9.954996104925625,0.475,0.1111111111111111
current_noecho_experiment,10.0,9.954996104925625,0.48,0.08796296296296297
current_noecho_experiment,10.0,9.954996104925625,0.485,0.06481481481481481
current_noecho_experiment,10.0,9.954996104925625,0.49,0.10648148148148148
current_noecho_experiment,10.0,9.954996104925625,0.495,0.11574074074074074
current_noecho_experiment,10.0,9.954996104925625,0.5,0.11574074074074074
current_noecho_three_level_simulation,10.0,10.204081632653054,-0.5,0.1272762413340543
current_noecho_three_level_simulation,10.0,10.204081632653054,-0.47959183673469385,0.1308430893278322
current_noecho_three_level_simulation,10.0,10.204081632653054,-0.45918367346938777,0.13553796756776446
current_noecho_three_level_simulation,10.0,10.204081632653054,-0.4387755102040817,0.14043112174589142
current_noecho_three_level_simulation,10.0,10.204081632653054,-0.41836734693877553,0.14562315587232105
current_noecho_three_level_simulation,10.0,10.204081632653054,-0.39795918367346933,0.15254929674303003
current_noecho_three_level_simulation,10.0,10.204081632653054,-0.37755102040816324,0.1583400750799098
current_noecho_three_level_simulation,10.0,10.204081632653054,-0.35714285714285715,0.1646069446596695
current_noecho_three_level_simulation,10.0,10.204081632653054,-0.336734693877551,0.1729052890334864
current_noecho_three_level_simulation,10.0,10.204081632653054,-0.31632653061224486,0.17996372882601525
current_noecho_three_level_simulation,10.0,10.204081632653054,-0.29591836734693877,0.1888856082295428
current_noecho_three_level_simulation,10.0,10.204081632653054,-0.2755102040816327,0.19990425303847953
current_noecho_three_level_simulation,10.0,10.204081632653054,-0.25510204081632654,0.20910053184027813
current_noecho_three_level_simulation,10.0,10.204081632653054,-0.23469387755102036,0.22217330359407472
current_noecho_three_level_simulation,10.0,10.204081632653054,-0.21428571428571427,0.23819913677183957
current_noecho_three_level_simulation,10.0,10.204081632653054,-0.19387755102040816,0.25002710679522855
current_noecho_three_level_simulation,10.0,10.204081632653054,-0.173469387755102,0.2662759917441217
current_noecho_three_level_simulation,10.0,10.204081632653054,-0.15306122448979587,0.2894308775116307
current_noecho_three_level_simulation,10.0,10.204081632653054,-0.13265306122448978,0.3068036643272758
current_noecho_three_level_simulation,10.0,10.204081632653054,-0.11224489795918367,0.32648624856004543
current_noecho_three_level_simulation,10.0,10.204081632653054,-0.09183673469387751,0.3649090099271713
current_noecho_three_level_simulation,10.0,10.204081632653054,-0.07142857142857136,0.40489947128250203
current_noecho_three_level_simulation,10.0,10.204081632653054,-0.051020408163265266,0.4184448372155053
current_noecho_three_level_simulation,10.0,10.204081632653054,-0.030612244897959173,0.4086951987848221
current_noecho_three_level_simulation,10.0,10.204081632653054,-0.010204081632653019,0.3975752363445283
current_noecho_three_level_simulation,10.0,10.204081632653054,0.010204081632653135,0.39763237176363786
current_noecho_three_level_simulation,10.0,10.204081632653054,0.030612244897959287,0.408843808733664
current_noecho_three_level_simulation,10.0,10.204081632653054,0.05102040816326533,0.4185408514256604
current_noecho_three_level_simulation,10.0,10.204081632653054,0.07142857142857148,0.40475346367384096
current_noecho_three_level_simulation,10.0,10.204081632653054,0.09183673469387763,0.3646474129785236
current_noecho_three_level_simulation,10.0,10.204081632653054,0.11224489795918367,0.3265229832831366
current_noecho_three_level_simulation,10.0,10.204081632653054,0.13265306122448983,0.30718169780547394
current_noecho_three_level_simulation,10.0,10.204081632653054,0.15306122448979598,0.2897615152546433
current_noecho_three_level_simulation,10.0,10.204081632653054,0.17346938775510212,0.26641111398935896
current_noecho_three_level_simulation,10.0,10.204081632653054,0.1938775510204083,0.25003505439297397
current_noecho_three_level_simulation,10.0,10.204081632653054,0.21428571428571433,0.23804705661550846
current_noecho_three_level_simulation,10.0,10.204081632653054,0.23469387755102047,0.2220399470935814
current_noecho_three_level_simulation,10.0,10.204081632653054,0.25510204081632665,0.20921446803642352
current_noecho_three_level_simulation,10.0,10.204081632653054,0.2755102040816327,0.20008929034472142
current_noecho_three_level_simulation,10.0,10.204081632653054,0.2959183673469388,0.18896444241014237
current_noecho_three_level_simulation,10.0,10.204081632653054,0.31632653061224497,0.17995477840876947
current_noecho_three_level_simulation,10.0,10.204081632653054,0.3367346938775511,0.17280629683859985
current_noecho_three_level_simulation,10.0,10.204081632653054,0.35714285714285726,0.16457385130454444
current_noecho_three_level_simulation,10.0,10.204081632653054,0.3775510204081633,0.1584711271877497
current_noecho_three_level_simulation,10.0,10.204081632653054,0.39795918367346944,0.15266649769835933
current_noecho_three_level_simulation,10.0,10.204081632653054,0.41836734693877564,0.1456499043886528
current_noecho_three_level_simulation,10.0,10.204081632653054,0.4387755102040817,0.14038425553724052
current_noecho_three_level_simulation,10.0,10.204081632653054,0.4591836734693878,0.13546797604033387
current_noecho_three_level_simulation,10.0,10.204081632653054,0.47959183673469397,0.13089693032652258
current_noecho_three_level_simulation,10.0,10.204081632653054,0.5,0.1273983613685738
current_echo_experiment,10.0,9.954996104925625,-0.5,0.676
current_echo_experiment,10.0,9.954996104925625,-0.495,0.685
current_echo_experiment,10.0,9.954996104925625,-0.49,0.656
current_echo_experiment,10.0,9.954996104925625,-0.485,0.667
current_echo_experiment,10.0,9.954996104925625,-0.48,0.692
current_echo_experiment,10.0,9.954996104925625,-0.475,0.675
current_echo_experiment,10.0,9.954996104925625,-0.47,0.669
current_echo_experiment,10.0,9.954996104925625,-0.465,0.675
current_echo_experiment,10.0,9.954996104925625,-0.46,0.683
current_echo_experiment,10.0,9.954996104925625,-0.455,0.686
current_echo_experiment,10.0,9.954996104925625,-0.45,0.683
current_echo_experiment,10.0,9.954996104925625,-0.445,0.667
current_echo_experiment,10.0,9.954996104925625,-0.44,0.669
current_echo_experiment,10.0,9.954996104925625,-0.435,0.653
current_echo_experiment,10.0,9.954996104925625,-0.43,0.652
current_echo_experiment,10.0,9.954996104925625,-0.425,0.645
current_echo_experiment,10.0,9.954996104925625,-0.42,0.683
current_echo_experiment,10.0,9.954996104925625,-0.415,0.676
current_echo_experiment,10.0,9.954996104925625,-0.41,0.666
current_echo_experiment,10.0,9.954996104925625,-0.405,0.672
current_echo_experiment,10.0,9.954996104925625,-0.4,0.676
current_echo_experiment,10.0,9.954996104925625,-0.395,0.649
current_echo_experiment,10.0,9.954996104925625,-0.39,0.647
current_echo_experiment,10.0,9.954996104925625,-0.385,0.674
current_echo_experiment,10.0,9.954996104925625,-0.38,0.671
current_echo_experiment,10.0,9.954996104925625,-0.375,0.674
current_echo_experiment,10.0,9.954996104925625,-0.37,0.679
current_echo_experiment,10.0,9.954996104925625,-0.365,0.674
current_echo_experiment,10.0,9.954996104925625,-0.36,0.67
current_echo_experiment,10.0,9.954996104925625,-0.355,0.642
current_echo_experiment,10.0,9.954996104925625,-0.35,0.665
current_echo_experiment,10.0,9.954996104925625,-0.345,0.68
current_echo_experiment,10.0,9.954996104925625,-0.34,0.643
current_echo_experiment,10.0,9.954996104925625,-0.335,0.682
current_echo_experiment,10.0,9.954996104925625,-0.33,0.643
current_echo_experiment,10.0,9.954996104925625,-0.325,0.668
current_echo_experiment,10.0,9.954996104925625,-0.32,0.69
current_echo_experiment,10.0,9.954996104925625,-0.315,0.668
current_echo_experiment,10.0,9.954996104925625,-0.31,0.655
current_echo_experiment,10.0,9.954996104925625,-0.305,0.651
current_echo_experiment,10.0,9.954996104925625,-0.3,0.653
current_echo_experiment,10.0,9.954996104925625,-0.295,0.641
current_echo_experiment,10.0,9.954996104925625,-0.29,0.642
current_echo_experiment,10.0,9.954996104925625,-0.285,0.639
current_echo_experiment,10.0,9.954996104925625,-0.28,0.653
current_echo_experiment,10.0,9.954996104925625,-0.275,0.644
current_echo_experiment,10.0,9.954996104925625,-0.27,0.668
current_echo_experiment,10.0,9.954996104925625,-0.265,0.674
current_echo_experiment,10.0,9.954996104925625,-0.26,0.66
current_echo_experiment,10.0,9.954996104925625,-0.255,0.67
current_echo_experiment,10.0,9.954996104925625,-0.25,0.666
current_echo_experiment,10.0,9.954996104925625,-0.245,0.636
current_echo_experiment,10.0,9.954996104925625,-0.24,0.651
current_echo_experiment,10.0,9.954996104925625,-0.235,0.624
current_echo_experiment,10.0,9.954996104925625,-0.23,0.652
current_echo_experiment,10.0,9.954996104925625,-0.225,0.662
current_echo_experiment,10.0,9.954996104925625,-0.22,0.638
current_echo_experiment,10.0,9.954996104925625,-0.215,0.653
current_echo_experiment,10.0,9.954996104925625,-0.21,0.643
current_echo_experiment,10.0,9.954996104925625,-0.205,0.647
current_echo_experiment,10.0,9.954996104925625,-0.2,0.617
current_echo_experiment,10.0,9.954996104925625,-0.195,0.689
current_echo_experiment,10.0,9.954996104925625,-0.19,0.645
current_echo_experiment,10.0,9.954996104925625,-0.185,0.633
current_echo_experiment,10.0,9.954996104925625,-0.18,0.662
current_echo_experiment,10.0,9.954996104925625,-0.175,0.631
current_echo_experiment,10.0,9.954996104925625,-0.17,0.649
current_echo_experiment,10.0,9.954996104925625,-0.165,0.647
current_echo_experiment,10.0,9.954996104925625,-0.16,0.608
current_echo_experiment,10.0,9.954996104925625,-0.155,0.639
current_echo_experiment,10.0,9.954996104925625,-0.15,0.6
current_echo_experiment,10.0,9.954996104925625,-0.145,0.642
current_echo_experiment,10.0,9.954996104925625,-0.14,0.604
current_echo_experiment,10.0,9.954996104925625,-0.135,0.6
current_echo_experiment,10.0,9.954996104925625,-0.13,0.639
current_echo_experiment,10.0,9.954996104925625,-0.125,0.601
current_echo_experiment,10.0,9.954996104925625,-0.12,0.606
current_echo_experiment,10.0,9.954996104925625,-0.115,0.616
current_echo_experiment,10.0,9.954996104925625,-0.11,0.618
current_echo_experiment,10.0,9.954996104925625,-0.105,0.607
current_echo_experiment,10.0,9.954996104925625,-0.1,0.62
current_echo_experiment,10.0,9.954996104925625,-0.095,0.594
current_echo_experiment,10.0,9.954996104925625,-0.09,0.623
current_echo_experiment,10.0,9.954996104925625,-0.085,0.607
current_echo_experiment,10.0,9.954996104925625,-0.08,0.577
current_echo_experiment,10.0,9.954996104925625,-0.075,0.576
current_echo_experiment,10.0,9.954996104925625,-0.07,0.566
current_echo_experiment,10.0,9.954996104925625,-0.065,0.573
current_echo_experiment,10.0,9.954996104925625,-0.06,0.583
current_echo_experiment,10.0,9.954996104925625,-0.055,0.567
current_echo_experiment,10.0,9.954996104925625,-0.05,0.566
current_echo_experiment,10.0,9.954996104925625,-0.045,0.506
current_echo_experiment,10.0,9.954996104925625,-0.04,0.519
current_echo_experiment,10.0,9.954996104925625,-0.035,0.497
current_echo_experiment,10.0,9.954996104925625,-0.03,0.479
current_echo_experiment,10.0,9.954996104925625,-0.025,0.5
current_echo_experiment,10.0,9.954996104925625,-0.02,0.466
current_echo_experiment,10.0,9.954996104925625,-0.015,0.435
current_echo_experiment,10.0,9.954996104925625,-0.01,0.441
current_echo_experiment,10.0,9.954996104925625,-0.005,0.473
current_echo_experiment,10.0,9.954996104925625,0.0,0.443
current_echo_experiment,10.0,9.954996104925625,0.005,0.438
current_echo_experiment,10.0,9.954996104925625,0.01,0.421
current_echo_experiment,10.0,9.954996104925625,0.015,0.435
current_echo_experiment,10.0,9.954996104925625,0.02,0.464
current_echo_experiment,10.0,9.954996104925625,0.025,0.478
current_echo_experiment,10.0,9.954996104925625,0.03,0.439
current_echo_experiment,10.0,9.954996104925625,0.035,0.428
current_echo_experiment,10.0,9.954996104925625,0.04,0.486
current_echo_experiment,10.0,9.954996104925625,0.045,0.481
current_echo_experiment,10.0,9.954996104925625,0.05,0.487
current_echo_experiment,10.0,9.954996104925625,0.055,0.533
current_echo_experiment,10.0,9.954996104925625,0.06,0.54
current_echo_experiment,10.0,9.954996104925625,0.065,0.536
current_echo_experiment,10.0,9.954996104925625,0.07,0.553
current_echo_experiment,10.0,9.954996104925625,0.075,0.56
current_echo_experiment,10.0,9.954996104925625,0.08,0.577
current_echo_experiment,10.0,9.954996104925625,0.085,0.579
current_echo_experiment,10.0,9.954996104925625,0.09,0.609
current_echo_experiment,10.0,9.954996104925625,0.095,0.591
current_echo_experiment,10.0,9.954996104925625,0.1,0.65
current_echo_experiment,10.0,9.954996104925625,0.105,0.612
current_echo_experiment,10.0,9.954996104925625,0.11,0.641
current_echo_experiment,10.0,9.954996104925625,0.115,0.653
current_echo_experiment,10.0,9.954996104925625,0.12,0.666
current_echo_experiment,10.0,9.954996104925625,0.125,0.632
current_echo_experiment,10.0,9.954996104925625,0.13,0.639
current_echo_experiment,10.0,9.954996104925625,0.135,0.65
current_echo_experiment,10.0,9.954996104925625,0.14,0.643
current_echo_experiment,10.0,9.954996104925625,0.145,0.65
current_echo_experiment,10.0,9.954996104925625,0.15,0.665
current_echo_experiment,10.0,9.954996104925625,0.155,0.635
current_echo_experiment,10.0,9.954996104925625,0.16,0.651
current_echo_experiment,10.0,9.954996104925625,0.165,0.623
current_echo_experiment,10.0,9.954996104925625,0.17,0.638
current_echo_experiment,10.0,9.954996104925625,0.175,0.619
current_echo_experiment,10.0,9.954996104925625,0.18,0.657
current_echo_experiment,10.0,9.954996104925625,0.185,0.644
current_echo_experiment,10.0,9.954996104925625,0.19,0.634
current_echo_experiment,10.0,9.954996104925625,0.195,0.627
current_echo_experiment,10.0,9.954996104925625,0.2,0.638
current_echo_experiment,10.0,9.954996104925625,0.205,0.642
current_echo_experiment,10.0,9.954996104925625,0.21,0.652
current_echo_experiment,10.0,9.954996104925625,0.215,0.641
current_echo_experiment,10.0,9.954996104925625,0.22,0.63
current_echo_experiment,10.0,9.954996104925625,0.225,0.625
current_echo_experiment,10.0,9.954996104925625,0.23,0.652
current_echo_experiment,10.0,9.954996104925625,0.235,0.678
current_echo_experiment,10.0,9.954996104925625,0.24,0.671
current_echo_experiment,10.0,9.954996104925625,0.245,0.667
current_echo_experiment,10.0,9.954996104925625,0.25,0.689
current_echo_experiment,10.0,9.954996104925625,0.255,0.67
current_echo_experiment,10.0,9.954996104925625,0.26,0.663
current_echo_experiment,10.0,9.954996104925625,0.265,0.677
current_echo_experiment,10.0,9.954996104925625,0.27,0.672
current_echo_experiment,10.0,9.954996104925625,0.275,0.662
current_echo_experiment,10.0,9.954996104925625,0.28,0.666
current_echo_experiment,10.0,9.954996104925625,0.285,0.64
current_echo_experiment,10.0,9.954996104925625,0.29,0.682
current_echo_experiment,10.0,9.954996104925625,0.295,0.675
current_echo_experiment,10.0,9.954996104925625,0.3,0.635
current_echo_experiment,10.0,9.954996104925625,0.305,0.676
current_echo_experiment,10.0,9.954996104925625,0.31,0.664
current_echo_experiment,10.0,9.954996104925625,0.315,0.676
current_echo_experiment,10.0,9.954996104925625,0.32,0.661
current_echo_experiment,10.0,9.954996104925625,0.325,0.641
current_echo_experiment,10.0,9.954996104925625,0.33,0.659
current_echo_experiment,10.0,9.954996104925625,0.335,0.66
current_echo_experiment,10.0,9.954996104925625,0.34,0.67
current_echo_experiment,10.0,9.954996104925625,0.345,0.674
current_echo_experiment,10.0,9.954996104925625,0.35,0.677
current_echo_experiment,10.0,9.954996104925625,0.355,0.692
current_echo_experiment,10.0,9.954996104925625,0.36,0.656
current_echo_experiment,10.0,9.954996104925625,0.365,0.673
current_echo_experiment,10.0,9.954996104925625,0.37,0.672
current_echo_experiment,10.0,9.954996104925625,0.375,0.668
current_echo_experiment,10.0,9.954996104925625,0.38,0.688
current_echo_experiment,10.0,9.954996104925625,0.385,0.645
current_echo_experiment,10.0,9.954996104925625,0.39,0.679
current_echo_experiment,10.0,9.954996104925625,0.395,0.659
current_echo_experiment,10.0,9.954996104925625,0.4,0.685
current_echo_experiment,10.0,9.954996104925625,0.405,0.679
current_echo_experiment,10.0,9.954996104925625,0.41,0.653
current_echo_experiment,10.0,9.954996104925625,0.415,0.659
current_echo_experiment,10.0,9.954996104925625,0.42,0.662
current_echo_experiment,10.0,9.954996104925625,0.425,0.661
current_echo_experiment,10.0,9.954996104925625,0.43,0.644
current_echo_experiment,10.0,9.954996104925625,0.435,0.648
current_echo_experiment,10.0,9.954996104925625,0.44,0.684
current_echo_experiment,10.0,9.954996104925625,0.445,0.673
current_echo_experiment,10.0,9.954996104925625,0.45,0.674
current_echo_experiment,10.0,9.954996104925625,0.455,0.677
current_echo_experiment,10.0,9.954996104925625,0.46,0.69
current_echo_experiment,10.0,9.954996104925625,0.465,0.671
current_echo_experiment,10.0,9.954996104925625,0.47,0.71
current_echo_experiment,10.0,9.954996104925625,0.475,0.663
current_echo_experiment,10.0,9.954996104925625,0.48,0.654
current_echo_experiment,10.0,9.954996104925625,0.485,0.676
current_echo_experiment,10.0,9.954996104925625,0.49,0.701
current_echo_experiment,10.0,9.954996104925625,0.495,0.675
current_echo_experiment,10.0,9.954996104925625,0.5,0.681
current_echo_three_level_simulation,10.0,10.204081632653054,-0.5,0.5966639608745183
current_echo_three_level_simulation,10.0,10.204081632653054,-0.47959183673469385,0.5945187844992491
current_echo_three_level_simulation,10.0,10.204081632653054,-0.45918367346938777,0.591593306918251
current_echo_three_level_simulation,10.0,10.204081632653054,-0.4387755102040817,0.5876383145155982
current_echo_three_level_simulation,10.0,10.204081632653054,-0.41836734693877553,0.5834714509405
current_echo_three_level_simulation,10.0,10.204081632653054,-0.39795918367346933,0.5799772236980915
current_echo_three_level_simulation,10.0,10.204081632653054,-0.37755102040816324,0.5769124315843623
current_echo_three_level_simulation,10.0,10.204081632653054,-0.35714285714285715,0.5731169494809655
current_echo_three_level_simulation,10.0,10.204081632653054,-0.336734693877551,0.5679987231911018
current_echo_three_level_simulation,10.0,10.204081632653054,-0.31632653061224486,0.5623619037817283
current_echo_three_level_simulation,10.0,10.204081632653054,-0.29591836734693877,0.5572977961141976
current_echo_three_level_simulation,10.0,10.204081632653054,-0.2755102040816327,0.5525451363587074
current_echo_three_level_simulation,10.0,10.204081632653054,-0.25510204081632654,0.5467135413539966
current_echo_three_level_simulation,10.0,10.204081632653054,-0.23469387755102036,0.5392890308254538
current_echo_three_level_simulation,10.0,10.204081632653054,-0.21428571428571427,0.531605594984593
current_echo_three_level_simulation,10.0,10.204081632653054,-0.19387755102040816,0.5249989066587959
current_echo_three_level_simulation,10.0,10.204081632653054,-0.173469387755102,0.5184070924532448
current_echo_three_level_simulation,10.0,10.204081632653054,-0.15306122448979587,0.5092499251153231
current_echo_three_level_simulation,10.0,10.204081632653054,-0.13265306122448978,0.4973234389414067
current_echo_three_level_simulation,10.0,10.204081632653054,-0.11224489795918367,0.48619349380189053
current_echo_three_level_simulation,10.0,10.204081632653054,-0.09183673469387751,0.47842358236434424
current_echo_three_level_simulation,10.0,10.204081632653054,-0.07142857142857136,0.46965090974897267
current_echo_three_level_simulation,10.0,10.204081632653054,-0.051020408163265266,0.4510055071761392
current_echo_three_level_simulation,10.0,10.204081632653054,-0.030612244897959173,0.4215137911468863
current_echo_three_level_simulation,10.0,10.204081632653054,-0.010204081632653019,0.3962345645860795
current_echo_three_level_simulation,10.0,10.204081632653054,0.010204081632653135,0.3940935796198828
current_echo_three_level_simulation,10.0,10.204081632653054,0.030612244897959287,0.41652531939550663
current_echo_three_level_simulation,10.0,10.204081632653054,0.05102040816326533,0.4464962778943936
current_echo_three_level_simulation,10.0,10.204081632653054,0.07142857142857148,0.4686367695732992
current_echo_three_level_simulation,10.0,10.204081632653054,0.09183673469387763,0.48164601625672726
current_echo_three_level_simulation,10.0,10.204081632653054,0.11224489795918367,0.49154080091238816
current_echo_three_level_simulation,10.0,10.204081632653054,0.13265306122448983,0.5011433371859964
current_echo_three_level_simulation,10.0,10.204081632653054,0.15306122448979598,0.5090649829059558
current_echo_three_level_simulation,10.0,10.204081632653054,0.17346938775510212,0.514952666616114
current_echo_three_level_simulation,10.0,10.204081632653054,0.1938775510204083,0.5215201730643012
current_echo_three_level_simulation,10.0,10.204081632653054,0.21428571428571433,0.5309179437762195
current_echo_three_level_simulation,10.0,10.204081632653054,0.23469387755102047,0.541255224107664
current_echo_three_level_simulation,10.0,10.204081632653054,0.25510204081632665,0.5484814200161542
current_echo_three_level_simulation,10.0,10.204081632653054,0.2755102040816327,0.5514614906332401
current_echo_three_level_simulation,10.0,10.204081632653054,0.2959183673469388,0.5535567526398627
current_echo_three_level_simulation,10.0,10.204081632653054,0.31632653061224497,0.558637474596187
current_echo_three_level_simulation,10.0,10.204081632653054,0.3367346938775511,0.5665778858449717
current_echo_three_level_simulation,10.0,10.204081632653054,0.35714285714285726,0.5735555451688881
current_echo_three_level_simulation,10.0,10.204081632653054,0.3775510204081633,0.5766887990923432
current_echo_three_level_simulation,10.0,10.204081632653054,0.39795918367346944,0.5773962026714099
current_echo_three_level_simulation,10.0,10.204081632653054,0.41836734693877564,0.5794964391545565
current_echo_three_level_simulation,10.0,10.204081632653054,0.4387755102040817,0.5846658415811865
current_echo_three_level_simulation,10.0,10.204081632653054,0.4591836734693878,0.5906907709195752
current_echo_three_level_simulation,10.0,10.204081632653054,0.47959183673469397,0.5942815045364003
current_echo_three_level_simulation,10.0,10.204081632653054,0.5,0.5949746252625637
current_noecho_experiment,25.0,24.950496566775616,-0.5,0.19444444444444445
current_noecho_experiment,25.0,24.950496566775616,-0.495,0.1527777777777778
current_noecho_experiment,25.0,24.950496566775616,-0.49,0.18055555555555555
current_noecho_experiment,25.0,24.950496566775616,-0.485,0.24074074074074073
current_noecho_experiment,25.0,24.950496566775616,-0.48,0.1712962962962963
current_noecho_experiment,25.0,24.950496566775616,-0.475,0.21296296296296297
current_noecho_experiment,25.0,24.950496566775616,-0.47,0.2037037037037037
current_noecho_experiment,25.0,24.950496566775616,-0.465,0.19907407407407407
current_noecho_experiment,25.0,24.950496566775616,-0.46,0.18981481481481483
current_noecho_experiment,25.0,24.950496566775616,-0.455,0.1712962962962963
current_noecho_experiment,25.0,24.950496566775616,-0.45,0.19907407407407407
current_noecho_experiment,25.0,24.950496566775616,-0.445,0.17592592592592593
current_noecho_experiment,25.0,24.950496566775616,-0.44,0.17592592592592593
current_noecho_experiment,25.0,24.950496566775616,-0.435,0.2222222222222222
current_noecho_experiment,25.0,24.950496566775616,-0.43,0.1712962962962963
current_noecho_experiment,25.0,24.950496566775616,-0.425,0.18518518518518517
current_noecho_experiment,25.0,24.950496566775616,-0.42,0.17592592592592593
current_noecho_experiment,25.0,24.950496566775616,-0.415,0.21296296296296297
current_noecho_experiment,25.0,24.950496566775616,-0.41,0.20833333333333334
current_noecho_experiment,25.0,24.950496566775616,-0.405,0.2037037037037037
current_noecho_experiment,25.0,24.950496566775616,-0.4,0.2361111111111111
current_noecho_experiment,25.0,24.950496566775616,-0.395,0.18518518518518517
current_noecho_experiment,25.0,24.950496566775616,-0.39,0.2175925925925926
current_noecho_experiment,25.0,24.950496566775616,-0.385,0.19907407407407407
current_noecho_experiment,25.0,24.950496566775616,-0.38,0.16666666666666666
current_noecho_experiment,25.0,24.950496566775616,-0.375,0.18055555555555555
current_noecho_experiment,25.0,24.950496566775616,-0.37,0.18981481481481483
current_noecho_experiment,25.0,24.950496566775616,-0.365,0.21296296296296297
current_noecho_experiment,25.0,24.950496566775616,-0.36,0.25
current_noecho_experiment,25.0,24.950496566775616,-0.355,0.2037037037037037
current_noecho_experiment,25.0,24.950496566775616,-0.35,0.2222222222222222
current_noecho_experiment,25.0,24.950496566775616,-0.345,0.24537037037037038
current_noecho_experiment,25.0,24.950496566775616,-0.34,0.19444444444444445
current_noecho_experiment,25.0,24.950496566775616,-0.335,0.25462962962962965
current_noecho_experiment,25.0,24.950496566775616,-0.33,0.21296296296296297
current_noecho_experiment,25.0,24.950496566775616,-0.325,0.25
current_noecho_experiment,25.0,24.950496566775616,-0.32,0.25462962962962965
current_noecho_experiment,25.0,24.950496566775616,-0.315,0.23148148148148148
current_noecho_experiment,25.0,24.950496566775616,-0.31,0.26851851851851855
current_noecho_experiment,25.0,24.950496566775616,-0.305,0.2824074074074074
current_noecho_experiment,25.0,24.950496566775616,-0.3,0.2037037037037037
current_noecho_experiment,25.0,24.950496566775616,-0.295,0.25925925925925924
current_noecho_experiment,25.0,24.950496566775616,-0.29,0.2361111111111111
current_noecho_experiment,25.0,24.950496566775616,-0.285,0.24074074074074073
current_noecho_experiment,25.0,24.950496566775616,-0.28,0.21296296296296297
current_noecho_experiment,25.0,24.950496566775616,-0.275,0.3194444444444444
current_noecho_experiment,25.0,24.950496566775616,-0.27,0.26851851851851855
current_noecho_experiment,25.0,24.950496566775616,-0.265,0.22685185185185186
current_noecho_experiment,25.0,24.950496566775616,-0.26,0.3148148148148148
current_noecho_experiment,25.0,24.950496566775616,-0.255,0.28703703703703703
current_noecho_experiment,25.0,24.950496566775616,-0.25,0.2916666666666667
current_noecho_experiment,25.0,24.950496566775616,-0.245,0.2777777777777778
current_noecho_experiment,25.0,24.950496566775616,-0.24,0.30092592592592593
current_noecho_experiment,25.0,24.950496566775616,-0.235,0.3055555555555556
current_noecho_experiment,25.0,24.950496566775616,-0.23,0.2824074074074074
current_noecho_experiment,25.0,24.950496566775616,-0.225,0.25
current_noecho_experiment,25.0,24.950496566775616,-0.22,0.32407407407407407
current_noecho_experiment,25.0,24.950496566775616,-0.215,0.2962962962962963
current_noecho_experiment,25.0,24.950496566775616,-0.21,0.3425925925925926
current_noecho_experiment,25.0,24.950496566775616,-0.205,0.2916666666666667
current_noecho_experiment,25.0,24.950496566775616,-0.2,0.3101851851851852
current_noecho_experiment,25.0,24.950496566775616,-0.195,0.2916666666666667
current_noecho_experiment,25.0,24.950496566775616,-0.19,0.2916666666666667
current_noecho_experiment,25.0,24.950496566775616,-0.185,0.25462962962962965
current_noecho_experiment,25.0,24.950496566775616,-0.18,0.3287037037037037
current_noecho_experiment,25.0,24.950496566775616,-0.175,0.33796296296296297
current_noecho_experiment,25.0,24.950496566775616,-0.17,0.35648148148148145
current_noecho_experiment,25.0,24.950496566775616,-0.165,0.33796296296296297
current_noecho_experiment,25.0,24.950496566775616,-0.16,0.38425925925925924
current_noecho_experiment,25.0,24.950496566775616,-0.155,0.37962962962962965
current_noecho_experiment,25.0,24.950496566775616,-0.15,0.3333333333333333
current_noecho_experiment,25.0,24.950496566775616,-0.145,0.33796296296296297
current_noecho_experiment,25.0,24.950496566775616,-0.14,0.4027777777777778
current_noecho_experiment,25.0,24.950496566775616,-0.135,0.4166666666666667
current_noecho_experiment,25.0,24.950496566775616,-0.13,0.3888888888888889
current_noecho_experiment,25.0,24.950496566775616,-0.125,0.4027777777777778
current_noecho_experiment,25.0,24.950496566775616,-0.12,0.41203703703703703
current_noecho_experiment,25.0,24.950496566775616,-0.115,0.3888888888888889
current_noecho_experiment,25.0,24.950496566775616,-0.11,0.33796296296296297
current_noecho_experiment,25.0,24.950496566775616,-0.105,0.37037037037037035
current_noecho_experiment,25.0,24.950496566775616,-0.1,0.37962962962962965
current_noecho_experiment,25.0,24.950496566775616,-0.095,0.36574074074074076
current_noecho_experiment,25.0,24.950496566775616,-0.09,0.3101851851851852
current_noecho_experiment,25.0,24.950496566775616,-0.085,0.4305555555555556
current_noecho_experiment,25.0,24.950496566775616,-0.08,0.4212962962962963
current_noecho_experiment,25.0,24.950496566775616,-0.075,0.41203703703703703
current_noecho_experiment,25.0,24.950496566775616,-0.07,0.4166666666666667
current_noecho_experiment,25.0,24.950496566775616,-0.065,0.41203703703703703
current_noecho_experiment,25.0,24.950496566775616,-0.06,0.37962962962962965
current_noecho_experiment,25.0,24.950496566775616,-0.055,0.48148148148148145
current_noecho_experiment,25.0,24.950496566775616,-0.05,0.4166666666666667
current_noecho_experiment,25.0,24.950496566775616,-0.045,0.44907407407407407
current_noecho_experiment,25.0,24.950496566775616,-0.04,0.48148148148148145
current_noecho_experiment,25.0,24.950496566775616,-0.035,0.4537037037037037
current_noecho_experiment,25.0,24.950496566775616,-0.03,0.5092592592592593
current_noecho_experiment,25.0,24.950496566775616,-0.025,0.5601851851851852
current_noecho_experiment,25.0,24.950496566775616,-0.02,0.5740740740740741
current_noecho_experiment,25.0,24.950496566775616,-0.015,0.5370370370370371
current_noecho_experiment,25.0,24.950496566775616,-0.01,0.49074074074074076
current_noecho_experiment,25.0,24.950496566775616,-0.005,0.5277777777777778
current_noecho_experiment,25.0,24.950496566775616,0.0,0.5185185185185185
current_noecho_experiment,25.0,24.950496566775616,0.005,0.5787037037037037
current_noecho_experiment,25.0,24.950496566775616,0.01,0.5509259259259259
current_noecho_experiment,25.0,24.950496566775616,0.015,0.5185185185185185
current_noecho_experiment,25.0,24.950496566775616,0.02,0.5
current_noecho_experiment,25.0,24.950496566775616,0.025,0.5555555555555556
current_noecho_experiment,25.0,24.950496566775616,0.03,0.5092592592592593
current_noecho_experiment,25.0,24.950496566775616,0.035,0.4444444444444444
current_noecho_experiment,25.0,24.950496566775616,0.04,0.4675925925925926
current_noecho_experiment,25.0,24.950496566775616,0.045,0.4398148148148148
current_noecho_experiment,25.0,24.950496566775616,0.05,0.47685185185185186
current_noecho_experiment,25.0,24.950496566775616,0.055,0.47685185185185186
current_noecho_experiment,25.0,24.950496566775616,0.06,0.39351851851851855
current_noecho_experiment,25.0,24.950496566775616,0.065,0.39814814814814814
current_noecho_experiment,25.0,24.950496566775616,0.07,0.37962962962962965
current_noecho_experiment,25.0,24.950496566775616,0.075,0.375
current_noecho_experiment,25.0,24.950496566775616,0.08,0.38425925925925924
current_noecho_experiment,25.0,24.950496566775616,0.085,0.4074074074074074
current_noecho_experiment,25.0,24.950496566775616,0.09,0.3611111111111111
current_noecho_experiment,25.0,24.950496566775616,0.095,0.3888888888888889
current_noecho_experiment,25.0,24.950496566775616,0.1,0.35185185185185186
current_noecho_experiment,25.0,24.950496566775616,0.105,0.37962962962962965
current_noecho_experiment,25.0,24.950496566775616,0.11,0.47685185185185186
current_noecho_experiment,25.0,24.950496566775616,0.115,0.4212962962962963
current_noecho_experiment,25.0,24.950496566775616,0.12,0.42592592592592593
current_noecho_experiment,25.0,24.950496566775616,0.125,0.3888888888888889
current_noecho_experiment,25.0,24.950496566775616,0.13,0.3101851851851852
current_noecho_experiment,25.0,24.950496566775616,0.135,0.4537037037037037
current_noecho_experiment,25.0,24.950496566775616,0.14,0.39814814814814814
current_noecho_experiment,25.0,24.950496566775616,0.145,0.37037037037037035
current_noecho_experiment,25.0,24.950496566775616,0.15,0.38425925925925924
current_noecho_experiment,25.0,24.950496566775616,0.155,0.35648148148148145
current_noecho_experiment,25.0,24.950496566775616,0.16,0.3055555555555556
current_noecho_experiment,25.0,24.950496566775616,0.165,0.30092592592592593
current_noecho_experiment,25.0,24.950496566775616,0.17,0.3425925925925926
current_noecho_experiment,25.0,24.950496566775616,0.175,0.2916666666666667
current_noecho_experiment,25.0,24.950496566775616,0.18,0.3194444444444444
current_noecho_experiment,25.0,24.950496566775616,0.185,0.26851851851851855
current_noecho_experiment,25.0,24.950496566775616,0.19,0.3333333333333333
current_noecho_experiment,25.0,24.950496566775616,0.195,0.32407407407407407
current_noecho_experiment,25.0,24.950496566775616,0.2,0.30092592592592593
current_noecho_experiment,25.0,24.950496566775616,0.205,0.27314814814814814
current_noecho_experiment,25.0,24.950496566775616,0.21,0.2962962962962963
current_noecho_experiment,25.0,24.950496566775616,0.215,0.22685185185185186
current_noecho_experiment,25.0,24.950496566775616,0.22,0.27314814814814814
current_noecho_experiment,25.0,24.950496566775616,0.225,0.25462962962962965
current_noecho_experiment,25.0,24.950496566775616,0.23,0.24537037037037038
current_noecho_experiment,25.0,24.950496566775616,0.235,0.3055555555555556
current_noecho_experiment,25.0,24.950496566775616,0.24,0.2175925925925926
current_noecho_experiment,25.0,24.950496566775616,0.245,0.26851851851851855
current_noecho_experiment,25.0,24.950496566775616,0.25,0.25
current_noecho_experiment,25.0,24.950496566775616,0.255,0.19907407407407407
current_noecho_experiment,25.0,24.950496566775616,0.26,0.2916666666666667
current_noecho_experiment,25.0,24.950496566775616,0.265,0.2222222222222222
current_noecho_experiment,25.0,24.950496566775616,0.27,0.2175925925925926
current_noecho_experiment,25.0,24.950496566775616,0.275,0.24537037037037038
current_noecho_experiment,25.0,24.950496566775616,0.28,0.25462962962962965
current_noecho_experiment,25.0,24.950496566775616,0.285,0.2777777777777778
current_noecho_experiment,25.0,24.950496566775616,0.29,0.20833333333333334
current_noecho_experiment,25.0,24.950496566775616,0.295,0.25925925925925924
current_noecho_experiment,25.0,24.950496566775616,0.3,0.26851851851851855
current_noecho_experiment,25.0,24.950496566775616,0.305,0.19444444444444445
current_noecho_experiment,25.0,24.950496566775616,0.31,0.19907407407407407
current_noecho_experiment,25.0,24.950496566775616,0.315,0.2037037037037037
current_noecho_experiment,25.0,24.950496566775616,0.32,0.21296296296296297
current_noecho_experiment,25.0,24.950496566775616,0.325,0.2175925925925926
current_noecho_experiment,25.0,24.950496566775616,0.33,0.18981481481481483
current_noecho_experiment,25.0,24.950496566775616,0.335,0.17592592592592593
current_noecho_experiment,25.0,24.950496566775616,0.34,0.2222222222222222
current_noecho_experiment,25.0,24.950496566775616,0.345,0.2222222222222222
current_noecho_experiment,25.0,24.950496566775616,0.35,0.22685185185185186
current_noecho_experiment,25.0,24.950496566775616,0.355,0.1712962962962963
current_noecho_experiment,25.0,24.950496566775616,0.36,0.12962962962962962
current_noecho_experiment,25.0,24.950496566775616,0.365,0.1712962962962963
current_noecho_experiment,25.0,24.950496566775616,0.37,0.18518518518518517
current_noecho_experiment,25.0,24.950496566775616,0.375,0.18981481481481483
current_noecho_experiment,25.0,24.950496566775616,0.38,0.21296296296296297
current_noecho_experiment,25.0,24.950496566775616,0.385,0.14814814814814814
current_noecho_experiment,25.0,24.950496566775616,0.39,0.21296296296296297
current_noecho_experiment,25.0,24.950496566775616,0.395,0.21296296296296297
current_noecho_experiment,25.0,24.950496566775616,0.4,0.17592592592592593
current_noecho_experiment,25.0,24.950496566775616,0.405,0.1574074074074074
current_noecho_experiment,25.0,24.950496566775616,0.41,0.19444444444444445
current_noecho_experiment,25.0,24.950496566775616,0.415,0.17592592592592593
current_noecho_experiment,25.0,24.950496566775616,0.42,0.12962962962962962
current_noecho_experiment,25.0,24.950496566775616,0.425,0.1527777777777778
current_noecho_experiment,25.0,24.950496566775616,0.43,0.14351851851851852
current_noecho_experiment,25.0,24.950496566775616,0.435,0.18055555555555555
current_noecho_experiment,25.0,24.950496566775616,0.44,0.12962962962962962
current_noecho_experiment,25.0,24.950496566775616,0.445,0.1574074074074074
current_noecho_experiment,25.0,24.950496566775616,0.45,0.14814814814814814
current_noecho_experiment,25.0,24.950496566775616,0.455,0.17592592592592593
current_noecho_experiment,25.0,24.950496566775616,0.46,0.14814814814814814
current_noecho_experiment,25.0,24.950496566775616,0.465,0.1527777777777778
current_noecho_experiment,25.0,24.950496566775616,0.47,0.16666666666666666
current_noecho_experiment,25.0,24.950496566775616,0.475,0.18981481481481483
current_noecho_experiment,25.0,24.950496566775616,0.48,0.14351851851851852
current_noecho_experiment,25.0,24.950496566775616,0.485,0.14351851851851852
current_noecho_experiment,25.0,24.950496566775616,0.49,0.12962962962962962
current_noecho_experiment,25.0,24.950496566775616,0.495,0.14351851851851852
current_noecho_experiment,25.0,24.950496566775616,0.5,0.1527777777777778
current_noecho_three_level_simulation,25.0,24.999999999999975,-0.5,0.24593495481019664
current_noecho_three_level_simulation,25.0,24.999999999999975,-0.47959183673469385,0.24881235573190713
current_noecho_three_level_simulation,25.0,24.999999999999975,-0.45918367346938777,0.25708679842663307
current_noecho_three_level_simulation,25.0,24.999999999999975,-0.4387755102040817,0.2669883376873634
current_noecho_three_level_simulation,25.0,24.999999999999975,-0.41836734693877553,0.2701662903397349
current_noecho_three_level_simulation,25.0,24.999999999999975,-0.39795918367346933,0.277746738112493
current_noecho_three_level_simulation,25.0,24.999999999999975,-0.37755102040816324,0.29137871967137186
current_noecho_three_level_simulation,25.0,24.999999999999975,-0.35714285714285715,0.29684355191525963
current_noecho_three_level_simulation,25.0,24.999999999999975,-0.336734693877551,0.3011976953079849
current_noecho_three_level_simulation,25.0,24.999999999999975,-0.31632653061224486,0.3174979302382728
current_noecho_three_level_simulation,25.0,24.999999999999975,-0.29591836734693877,0.33105840187156854
current_noecho_three_level_simulation,25.0,24.999999999999975,-0.2755102040816327,0.33229370919513307
current_noecho_three_level_simulation,25.0,24.999999999999975,-0.25510204081632654,0.3417808181895443
current_noecho_three_level_simulation,25.0,24.999999999999975,-0.23469387755102036,0.36668851904809335
current_noecho_three_level_simulation,25.0,24.999999999999975,-0.21428571428571427,0.3821241103824803
current_noecho_three_level_simulation,25.0,24.999999999999975,-0.19387755102040816,0.3788986957003774
current_noecho_three_level_simulation,25.0,24.999999999999975,-0.173469387755102,0.38372386674867065
current_noecho_three_level_simulation,25.0,24.999999999999975,-0.15306122448979587,0.4151006822966238
current_noecho_three_level_simulation,25.0,24.999999999999975,-0.13265306122448978,0.45369527039812024
current_noecho_three_level_simulation,25.0,24.999999999999975,-0.11224489795918367,0.469605216082808
current_noecho_three_level_simulation,25.0,24.999999999999975,-0.09183673469387751,0.45769587690631963
current_noecho_three_level_simulation,25.0,24.999999999999975,-0.07142857142857136,0.43602658866933247
current_noecho_three_level_simulation,25.0,24.999999999999975,-0.051020408163265266,0.42211567759757385
current_noecho_three_level_simulation,25.0,24.999999999999975,-0.030612244897959173,0.4193805379884219
current_noecho_three_level_simulation,25.0,24.999999999999975,-0.010204081632653019,0.42120769575658484
current_noecho_three_level_simulation,25.0,24.999999999999975,0.010204081632653135,0.4211556395607195
current_noecho_three_level_simulation,25.0,24.999999999999975,0.030612244897959287,0.41940666814905486
current_noecho_three_level_simulation,25.0,24.999999999999975,0.05102040816326533,0.422650622045092
current_noecho_three_level_simulation,25.0,24.999999999999975,0.07142857142857148,0.43736051926722463
current_noecho_three_level_simulation,25.0,24.999999999999975,0.09183673469387763,0.45945324042964064
current_noecho_three_level_simulation,25.0,24.999999999999975,0.11224489795918367,0.47067093823549294
current_noecho_three_level_simulation,25.0,24.999999999999975,0.13265306122448983,0.4532784288348852
current_noecho_three_level_simulation,25.0,24.999999999999975,0.15306122448979598,0.41398302824787453
current_noecho_three_level_simulation,25.0,24.999999999999975,0.17346938775510212,0.38361478523473685
current_noecho_three_level_simulation,25.0,24.999999999999975,0.1938775510204083,0.3801077965670407
current_noecho_three_level_simulation,25.0,24.999999999999975,0.21428571428571433,0.3829178229568716
current_noecho_three_level_simulation,25.0,24.999999999999975,0.23469387755102047,0.36618769765116954
current_noecho_three_level_simulation,25.0,24.999999999999975,0.25510204081632665,0.34149427841624463
current_noecho_three_level_simulation,25.0,24.999999999999975,0.2755102040816327,0.3331471195871583
current_noecho_three_level_simulation,25.0,24.999999999999975,0.2959183673469388,0.33158228109966065
current_noecho_three_level_simulation,25.0,24.999999999999975,0.31632653061224497,0.31708146207896737
current_noecho_three_level_simulation,25.0,24.999999999999975,0.3367346938775511,0.301331156690781
current_noecho_three_level_simulation,25.0,24.999999999999975,0.35714285714285726,0.2975818763465015
current_noecho_three_level_simulation,25.0,24.999999999999975,0.3775510204081633,0.2913491379879194
current_noecho_three_level_simulation,25.0,24.999999999999975,0.39795918367346944,0.2775514866254557
current_noecho_three_level_simulation,25.0,24.999999999999975,0.41836734693877564,0.2707193188387226
current_noecho_three_level_simulation,25.0,24.999999999999975,0.4387755102040817,0.26720930445994284
current_noecho_three_level_simulation,25.0,24.999999999999975,0.4591836734693878,0.25683906605108253
current_noecho_three_level_simulation,25.0,24.999999999999975,0.47959183673469397,0.24916630261933012
current_noecho_three_level_simulation,25.0,24.999999999999975,0.5,0.2462341778350864
current_echo_experiment,25.0,24.950496566775616,-0.5,0.609
current_echo_experiment,25.0,24.950496566775616,-0.495,0.599
current_echo_experiment,25.0,24.950496566775616,-0.49,0.629
current_echo_experiment,25.0,24.950496566775616,-0.485,0.609
current_echo_experiment,25.0,24.950496566775616,-0.48,0.654
current_echo_experiment,25.0,24.950496566775616,-0.475,0.629
current_echo_experiment,25.0,24.950496566775616,-0.47,0.61
current_echo_experiment,25.0,24.950496566775616,-0.465,0.602
current_echo_experiment,25.0,24.950496566775616,-0.46,0.639
current_echo_experiment,25.0,24.950496566775616,-0.455,0.6
current_echo_experiment,25.0,24.950496566775616,-0.45,0.586
current_echo_experiment,25.0,24.950496566775616,-0.445,0.59
current_echo_experiment,25.0,24.950496566775616,-0.44,0.552
current_echo_experiment,25.0,24.950496566775616,-0.435,0.57
current_echo_experiment,25.0,24.950496566775616,-0.43,0.578
current_echo_experiment,25.0,24.950496566775616,-0.425,0.55
current_echo_experiment,25.0,24.950496566775616,-0.42,0.58
current_echo_experiment,25.0,24.950496566775616,-0.415,0.541
current_echo_experiment,25.0,24.950496566775616,-0.41,0.541
current_echo_experiment,25.0,24.950496566775616,-0.405,0.558
current_echo_experiment,25.0,24.950496566775616,-0.4,0.568
current_echo_experiment,25.0,24.950496566775616,-0.395,0.569
current_echo_experiment,25.0,24.950496566775616,-0.39,0.556
current_echo_experiment,25.0,24.950496566775616,-0.385,0.572
current_echo_experiment,25.0,24.950496566775616,-0.38,0.582
current_echo_experiment,25.0,24.950496566775616,-0.375,0.594
current_echo_experiment,25.0,24.950496566775616,-0.37,0.604
current_echo_experiment,25.0,24.950496566775616,-0.365,0.615
current_echo_experiment,25.0,24.950496566775616,-0.36,0.6
current_echo_experiment,25.0,24.950496566775616,-0.355,0.613
current_echo_experiment,25.0,24.950496566775616,-0.35,0.642
current_echo_experiment,25.0,24.950496566775616,-0.345,0.624
current_echo_experiment,25.0,24.950496566775616,-0.34,0.633
current_echo_experiment,25.0,24.950496566775616,-0.335,0.589
current_echo_experiment,25.0,24.950496566775616,-0.33,0.612
current_echo_experiment,25.0,24.950496566775616,-0.325,0.589
current_echo_experiment,25.0,24.950496566775616,-0.32,0.577
current_echo_experiment,25.0,24.950496566775616,-0.315,0.558
current_echo_experiment,25.0,24.950496566775616,-0.31,0.563
current_echo_experiment,25.0,24.950496566775616,-0.305,0.578
current_echo_experiment,25.0,24.950496566775616,-0.3,0.544
current_echo_experiment,25.0,24.950496566775616,-0.295,0.588
current_echo_experiment,25.0,24.950496566775616,-0.29,0.541
current_echo_experiment,25.0,24.950496566775616,-0.285,0.549
current_echo_experiment,25.0,24.950496566775616,-0.28,0.539
current_echo_experiment,25.0,24.950496566775616,-0.275,0.541
current_echo_experiment,25.0,24.950496566775616,-0.27,0.527
current_echo_experiment,25.0,24.950496566775616,-0.265,0.504
current_echo_experiment,25.0,24.950496566775616,-0.26,0.559
current_echo_experiment,25.0,24.950496566775616,-0.255,0.548
current_echo_experiment,25.0,24.950496566775616,-0.25,0.55
current_echo_experiment,25.0,24.950496566775616,-0.245,0.556
current_echo_experiment,25.0,24.950496566775616,-0.24,0.561
current_echo_experiment,25.0,24.950496566775616,-0.235,0.55
current_echo_experiment,25.0,24.950496566775616,-0.23,0.593
current_echo_experiment,25.0,24.950496566775616,-0.225,0.591
current_echo_experiment,25.0,24.950496566775616,-0.22,0.599
current_echo_experiment,25.0,24.950496566775616,-0.215,0.604
current_echo_experiment,25.0,24.950496566775616,-0.21,0.616
current_echo_experiment,25.0,24.950496566775616,-0.205,0.598
current_echo_experiment,25.0,24.950496566775616,-0.2,0.632
current_echo_experiment,25.0,24.950496566775616,-0.195,0.615
current_echo_experiment,25.0,24.950496566775616,-0.19,0.612
current_echo_experiment,25.0,24.950496566775616,-0.185,0.582
current_echo_experiment,25.0,24.950496566775616,-0.18,0.605
current_echo_experiment,25.0,24.950496566775616,-0.175,0.648
current_echo_experiment,25.0,24.950496566775616,-0.17,0.591
current_echo_experiment,25.0,24.950496566775616,-0.165,0.563
current_echo_experiment,25.0,24.950496566775616,-0.16,0.583
current_echo_experiment,25.0,24.950496566775616,-0.155,0.53
current_echo_experiment,25.0,24.950496566775616,-0.15,0.533
current_echo_experiment,25.0,24.950496566775616,-0.145,0.518
current_echo_experiment,25.0,24.950496566775616,-0.14,0.527
current_echo_experiment,25.0,24.950496566775616,-0.135,0.538
current_echo_experiment,25.0,24.950496566775616,-0.13,0.496
current_echo_experiment,25.0,24.950496566775616,-0.125,0.48
current_echo_experiment,25.0,24.950496566775616,-0.12,0.472
current_echo_experiment,25.0,24.950496566775616,-0.115,0.466
current_echo_experiment,25.0,24.950496566775616,-0.11,0.489
current_echo_experiment,25.0,24.950496566775616,-0.105,0.46
current_echo_experiment,25.0,24.950496566775616,-0.1,0.458
current_echo_experiment,25.0,24.950496566775616,-0.095,0.456
current_echo_experiment,25.0,24.950496566775616,-0.09,0.445
current_echo_experiment,25.0,24.950496566775616,-0.085,0.448
current_echo_experiment,25.0,24.950496566775616,-0.08,0.44
current_echo_experiment,25.0,24.950496566775616,-0.075,0.445
current_echo_experiment,25.0,24.950496566775616,-0.07,0.458
current_echo_experiment,25.0,24.950496566775616,-0.065,0.437
current_echo_experiment,25.0,24.950496566775616,-0.06,0.42
current_echo_experiment,25.0,24.950496566775616,-0.055,0.4
current_echo_experiment,25.0,24.950496566775616,-0.05,0.432
current_echo_experiment,25.0,24.950496566775616,-0.045,0.406
current_echo_experiment,25.0,24.950496566775616,-0.04,0.426
current_echo_experiment,25.0,24.950496566775616,-0.035,0.448
current_echo_experiment,25.0,24.950496566775616,-0.03,0.428
current_echo_experiment,25.0,24.950496566775616,-0.025,0.383
current_echo_experiment,25.0,24.950496566775616,-0.02,0.436
current_echo_experiment,25.0,24.950496566775616,-0.015,0.454
current_echo_experiment,25.0,24.950496566775616,-0.01,0.423
current_echo_experiment,25.0,24.950496566775616,-0.005,0.457
current_echo_experiment,25.0,24.950496566775616,0.0,0.449
current_echo_experiment,25.0,24.950496566775616,0.005,0.465
current_echo_experiment,25.0,24.950496566775616,0.01,0.438
current_echo_experiment,25.0,24.950496566775616,0.015,0.463
current_echo_experiment,25.0,24.950496566775616,0.02,0.438
current_echo_experiment,25.0,24.950496566775616,0.025,0.46
current_echo_experiment,25.0,24.950496566775616,0.03,0.52
current_echo_experiment,25.0,24.950496566775616,0.035,0.497
current_echo_experiment,25.0,24.950496566775616,0.04,0.5
current_echo_experiment,25.0,24.950496566775616,0.045,0.525
current_echo_experiment,25.0,24.950496566775616,0.05,0.514
current_echo_experiment,25.0,24.950496566775616,0.055,0.554
current_echo_experiment,25.0,24.950496566775616,0.06,0.555
current_echo_experiment,25.0,24.950496566775616,0.065,0.545
current_echo_experiment,25.0,24.950496566775616,0.07,0.604
current_echo_experiment,25.0,24.950496566775616,0.075,0.576
current_echo_experiment,25.0,24.950496566775616,0.08,0.542
current_echo_experiment,25.0,24.950496566775616,0.085,0.567
current_echo_experiment,25.0,24.950496566775616,0.09,0.597
current_echo_experiment,25.0,24.950496566775616,0.095,0.571
current_echo_experiment,25.0,24.950496566775616,0.1,0.572
current_echo_experiment,25.0,24.950496566775616,0.105,0.586
current_echo_experiment,25.0,24.950496566775616,0.11,0.593
current_echo_experiment,25.0,24.950496566775616,0.115,0.609
current_echo_experiment,25.0,24.950496566775616,0.12,0.567
current_echo_experiment,25.0,24.950496566775616,0.125,0.618
current_echo_experiment,25.0,24.950496566775616,0.13,0.6
current_echo_experiment,25.0,24.950496566775616,0.135,0.561
current_echo_experiment,25.0,24.950496566775616,0.14,0.562
current_echo_experiment,25.0,24.950496566775616,0.145,0.554
current_echo_experiment,25.0,24.950496566775616,0.15,0.539
current_echo_experiment,25.0,24.950496566775616,0.155,0.547
current_echo_experiment,25.0,24.950496566775616,0.16,0.513
current_echo_experiment,25.0,24.950496566775616,0.165,0.531
current_echo_experiment,25.0,24.950496566775616,0.17,0.514
current_echo_experiment,25.0,24.950496566775616,0.175,0.516
current_echo_experiment,25.0,24.950496566775616,0.18,0.479
current_echo_experiment,25.0,24.950496566775616,0.185,0.483
current_echo_experiment,25.0,24.950496566775616,0.19,0.518
current_echo_experiment,25.0,24.950496566775616,0.195,0.495
current_echo_experiment,25.0,24.950496566775616,0.2,0.501
current_echo_experiment,25.0,24.950496566775616,0.205,0.51
current_echo_experiment,25.0,24.950496566775616,0.21,0.507
current_echo_experiment,25.0,24.950496566775616,0.215,0.489
current_echo_experiment,25.0,24.950496566775616,0.22,0.532
current_echo_experiment,25.0,24.950496566775616,0.225,0.54
current_echo_experiment,25.0,24.950496566775616,0.23,0.559
current_echo_experiment,25.0,24.950496566775616,0.235,0.556
current_echo_experiment,25.0,24.950496566775616,0.24,0.579
current_echo_experiment,25.0,24.950496566775616,0.245,0.541
current_echo_experiment,25.0,24.950496566775616,0.25,0.617
current_echo_experiment,25.0,24.950496566775616,0.255,0.609
current_echo_experiment,25.0,24.950496566775616,0.26,0.599
current_echo_experiment,25.0,24.950496566775616,0.265,0.595
current_echo_experiment,25.0,24.950496566775616,0.27,0.63
current_echo_experiment,25.0,24.950496566775616,0.275,0.623
current_echo_experiment,25.0,24.950496566775616,0.28,0.612
current_echo_experiment,25.0,24.950496566775616,0.285,0.64
current_echo_experiment,25.0,24.950496566775616,0.29,0.62
current_echo_experiment,25.0,24.950496566775616,0.295,0.632
current_echo_experiment,25.0,24.950496566775616,0.3,0.631
current_echo_experiment,25.0,24.950496566775616,0.305,0.603
current_echo_experiment,25.0,24.950496566775616,0.31,0.58
current_echo_experiment,25.0,24.950496566775616,0.315,0.6
current_echo_experiment,25.0,24.950496566775616,0.32,0.573
current_echo_experiment,25.0,24.950496566775616,0.325,0.548
current_echo_experiment,25.0,24.950496566775616,0.33,0.558
current_echo_experiment,25.0,24.950496566775616,0.335,0.532
current_echo_experiment,25.0,24.950496566775616,0.34,0.53
current_echo_experiment,25.0,24.950496566775616,0.345,0.565
current_echo_experiment,25.0,24.950496566775616,0.35,0.559
current_echo_experiment,25.0,24.950496566775616,0.355,0.555
current_echo_experiment,25.0,24.950496566775616,0.36,0.575
current_echo_experiment,25.0,24.950496566775616,0.365,0.542
current_echo_experiment,25.0,24.950496566775616,0.37,0.55
current_echo_experiment,25.0,24.950496566775616,0.375,0.563
current_echo_experiment,25.0,24.950496566775616,0.38,0.569
current_echo_experiment,25.0,24.950496566775616,0.385,0.574
current_echo_experiment,25.0,24.950496566775616,0.39,0.597
current_echo_experiment,25.0,24.950496566775616,0.395,0.6
current_echo_experiment,25.0,24.950496566775616,0.4,0.581
current_echo_experiment,25.0,24.950496566775616,0.405,0.61
current_echo_experiment,25.0,24.950496566775616,0.41,0.588
current_echo_experiment,25.0,24.950496566775616,0.415,0.63
current_echo_experiment,25.0,24.950496566775616,0.42,0.591
current_echo_experiment,25.0,24.950496566775616,0.425,0.607
current_echo_experiment,25.0,24.950496566775616,0.43,0.622
current_echo_experiment,25.0,24.950496566775616,0.435,0.612
current_echo_experiment,25.0,24.950496566775616,0.44,0.593
current_echo_experiment,25.0,24.950496566775616,0.445,0.604
current_echo_experiment,25.0,24.950496566775616,0.45,0.59
current_echo_experiment,25.0,24.950496566775616,0.455,0.596
current_echo_experiment,25.0,24.950496566775616,0.46,0.573
current_echo_experiment,25.0,24.950496566775616,0.465,0.57
current_echo_experiment,25.0,24.950496566775616,0.47,0.565
current_echo_experiment,25.0,24.950496566775616,0.475,0.568
current_echo_experiment,25.0,24.950496566775616,0.48,0.553
current_echo_experiment,25.0,24.950496566775616,0.485,0.555
current_echo_experiment,25.0,24.950496566775616,0.49,0.572
current_echo_experiment,25.0,24.950496566775616,0.495,0.549
current_echo_experiment,25.0,24.950496566775616,0.5,0.565
current_echo_three_level_simulation,25.0,24.999999999999975,-0.5,0.5288178315281984
current_echo_three_level_simulation,25.0,24.999999999999975,-0.47959183673469385,0.527614894535928
current_echo_three_level_simulation,25.0,24.999999999999975,-0.45918367346938777,0.5235395653489541
current_echo_three_level_simulation,25.0,24.999999999999975,-0.4387755102040817,0.5172244349767722
current_echo_three_level_simulation,25.0,24.999999999999975,-0.41836734693877553,0.5112864514755409
current_echo_three_level_simulation,25.0,24.999999999999975,-0.39795918367346933,0.5080143676993373
current_echo_three_level_simulation,25.0,24.999999999999975,-0.37755102040816324,0.5074316862262233
current_echo_three_level_simulation,25.0,24.999999999999975,-0.35714285714285715,0.5072789150201672
current_echo_three_level_simulation,25.0,24.999999999999975,-0.336734693877551,0.5048074800827401
current_echo_three_level_simulation,25.0,24.999999999999975,-0.31632653061224486,0.4989776902398503
current_echo_three_level_simulation,25.0,24.999999999999975,-0.29591836734693877,0.49126227749935414
current_echo_three_level_simulation,25.0,24.999999999999975,-0.2755102040816327,0.48442685176098443
current_echo_three_level_simulation,25.0,24.999999999999975,-0.25510204081632654,0.48048363344835415
current_echo_three_level_simulation,25.0,24.999999999999975,-0.23469387755102036,0.47948113201438297
current_echo_three_level_simulation,25.0,24.999999999999975,-0.21428571428571427,0.4797031748117624
current_echo_three_level_simulation,25.0,24.999999999999975,-0.19387755102040816,0.47879526925068633
current_echo_three_level_simulation,25.0,24.999999999999975,-0.173469387755102,0.475113151181807
current_echo_three_level_simulation,25.0,24.999999999999975,-0.15306122448979587,0.4684744363385185
current_echo_three_level_simulation,25.0,24.999999999999975,-0.13265306122448978,0.4599085888802352
current_echo_three_level_simulation,25.0,24.999999999999975,-0.11224489795918367,0.45073063249444234
current_echo_three_level_simulation,25.0,24.999999999999975,-0.09183673469387751,0.4417893676734044
current_echo_three_level_simulation,25.0,24.999999999999975,-0.07142857142857136,0.43343035170903965
current_echo_three_level_simulation,25.0,24.999999999999975,-0.051020408163265266,0.4260508139625547
current_echo_three_level_simulation,25.0,24.999999999999975,-0.030612244897959173,0.4205903551810316
current_echo_three_level_simulation,25.0,24.999999999999975,-0.010204081632653019,0.4183733832932155
current_echo_three_level_simulation,25.0,24.999999999999975,0.010204081632653135,0.4203816137599666
current_echo_three_level_simulation,25.0,24.999999999999975,0.030612244897959287,0.42646087337216104
current_echo_three_level_simulation,25.0,24.999999999999975,0.05102040816326533,0.43512620230510507
current_echo_three_level_simulation,25.0,24.999999999999975,0.07142857142857148,0.44414313580607795
current_echo_three_level_simulation,25.0,24.999999999999975,0.09183673469387763,0.45146155049435943
current_echo_three_level_simulation,25.0,24.999999999999975,0.11224489795918367,0.4560478041729386
current_echo_three_level_simulation,25.0,24.999999999999975,0.13265306122448983,0.4582040996443101
current_echo_three_level_simulation,25.0,24.999999999999975,0.15306122448979598,0.4594023195441011
current_echo_three_level_simulation,25.0,24.999999999999975,0.17346938775510212,0.4616594125831352
current_echo_three_level_simulation,25.0,24.999999999999975,0.1938775510204083,0.4666635840358293
current_echo_three_level_simulation,25.0,24.999999999999975,0.21428571428571433,0.4747527910322917
current_echo_three_level_simulation,25.0,24.999999999999975,0.23469387755102047,0.48425446081269513
current_echo_three_level_simulation,25.0,24.999999999999975,0.25510204081632665,0.4920296194853606
current_echo_three_level_simulation,25.0,24.999999999999975,0.2755102040816327,0.49547758478368664
current_echo_three_level_simulation,25.0,24.999999999999975,0.2959183673469388,0.49469751194530404
current_echo_three_level_simulation,25.0,24.999999999999975,0.31632653061224497,0.49276585863939765
current_echo_three_level_simulation,25.0,24.999999999999975,0.3367346938775511,0.4936629540398336
current_echo_three_level_simulation,25.0,24.999999999999975,0.35714285714285726,0.499411916615152
current_echo_three_level_simulation,25.0,24.999999999999975,0.3775510204081633,0.5084210401599671
current_echo_three_level_simulation,25.0,24.999999999999975,0.39795918367346944,0.5163466951783316
current_echo_three_level_simulation,25.0,24.999999999999975,0.41836734693877564,0.519467524655136
current_echo_three_level_simulation,25.0,24.999999999999975,0.4387755102040817,0.5180325307870051
current_echo_three_level_simulation,25.0,24.999999999999975,0.4591836734693878,0.5161877313774341
current_echo_three_level_simulation,25.0,24.999999999999975,0.47959183673469397,0.5183268618405446
current_echo_three_level_simulation,25.0,24.999999999999975,0.5,0.5252554398089374
